link_seq_id,link_id,vdf_type,from_node_id,to_node_id,lanes,distance_km,distance_mile,fftt,meso_link_id,meso_link_incoming_volume,tmc,tmc_corridor_name,tmc_corridor_id,tmc_road_order,tmc_road_sequence,subarea_id,link_type,link_type_code,vdf_code,time_period,vehicle_volume,person_volume,ref_volume,ref_diff,restricted_turn_nodes,auto_turn_volume,ODME_volume_before,ODME_volume_after,ODME_volume_diff,ODME_obs_count,ODME_upperbound_capacity_type,ODME_obs_count_dev,preload_volume,mode_type_volume,travel_time,speed_kmph,speed_mph,speed_ratio,VOC,DOC,lane_capacity,link_capacity,queue,total_simu_waiting_time_in_min,avg_simu_waiting_time_in_min,plf,lanes,D_per_hour_per_lane,QVDF_cd,QVDF_n,P,severe_congestion_duration_in_h,vf,v_congestion_cutoff,QVDF_cp,QVDF_s,QVDF_v,vt2,VMT,VHT,PMT,PHT,PDT_vf,PDT_vc,geometry,vehicle_vol_auto,vehicle_vol_hov2,vehicle_vol_hov3,vehicle_vol_trk,vehicle_vol_com,vehicle_vol_apv,MEU_vol_auto,MEU_vol_hov2,MEU_vol_hov3,MEU_vol_trk,MEU_vol_com,MEU_vol_apv,mode_link_cap_auto,mode_link_cap_hov2,mode_link_cap_hov3,mode_link_cap_trk,mode_link_cap_com,mode_link_cap_apv,mode_DOC_auto,mode_DOC_hov2,mode_DOC_hov3,mode_DOC_trk,mode_DOC_com,mode_DOC_apv,mode_TT_auto,mode_TT_hov2,mode_TT_hov3,mode_TT_trk,mode_TT_com,mode_TT_apv,v06:00,v06:15,v06:30,v06:45,v07:00,v07:15,v07:30,v07:45,v08:00,v08:15,v08:30,v08:45,v09:00,v09:15,v09:30,v09:45,v10:00,v10:15,v10:30,v10:45,v11:00,v11:15,v11:30,v11:45,v12:00,v12:15,v12:30,v12:45,v13:00,v13:15,v13:30,v13:45,v14:00,v14:15,v14:30,v14:45,v15:00,v15:15,v15:30,v15:45,v16:00,v16:15,v16:30,v16:45,v17:00,v17:15,v17:30,v17:45,v18:00,v18:15,v18:30,v18:45,v19:00,v19:15,v19:30,v19:45,DTM_type,DTM_volume_before,DTM_volume_after,DTM_volume_diff,DTM_speed_before,DTM_speed_after,DTM_speed_diff,DTM_DoC_before,DTM_DoC_after,DTM_Doc_diff,DTM_P_before,DTM_P_after,DTM_P_diff,notes
1,1,bpr,1,3,3.000000,1.950400,1.212181,1.212181,-1,0,,network_wide,-1,0,-1,-1,1,,,0700_0705,73.000,73.000,-1.000,0.000,,4:73;,0.000,0.000,0.000,,,,0.000,1.212,96.536,59.998,1.000,0.128,0.128,1900.000,5700.000,0.000,0.004,0.000,1.000,3.000,243.333,0.955,1.142,0.000,0.000,96.540,82.059,0.400,4.000,96.527,82.059,88.489,1.475,88.489,1.475,0.000,0.000,"LINESTRING (-112.2164130 33.6539270, -112.2031120 33.6675560)",73.000,0.000,0.000,0.000,0.000,0.000,73.000,0.000,0.000,0.000,0.000,0.000,5700.000,6000.000,6000.000,6000.000,6000.000,6000.000,0.128070,0.128070,0.128070,0.128070,0.128070,0.128070,1.212,1.212,1.212,1.212,1.212,1.212,96.540,96.540,96.540,96.540,96.540,96.540,96.540,96.540,96.540,96.540,96.540,96.540,96.540,96.540,96.540,96.540,96.540,96.540,96.540,96.540,96.540,96.540,96.540,96.540,96.540,96.540,96.540,96.540,96.540,96.540,96.540,96.540,96.540,96.540,96.540,96.540,96.540,96.540,96.540,96.540,96.540,96.540,96.540,96.540,96.540,96.540,96.540,96.540,96.540,96.540,96.540,96.540,96.540,96.540,96.540,96.540,,73.000,73.000,0.000,96.536,96.536,0.000,0.128,0.128,0.000,0.000,0.000,0.000,period-based
2,2,bpr,3,4,3.000000,1.891960,1.175861,1.175861,-1,0,,network_wide,-1,0,-1,-1,1,,,0700_0705,73.000,73.000,-1.000,0.000,,5:73;,0.000,0.000,0.000,,,,0.000,1.176,96.535,59.997,1.000,0.135,0.135,1800.000,5400.000,0.000,0.000,0.000,1.000,3.000,243.333,0.955,1.142,0.000,0.000,96.540,82.059,0.400,4.000,96.524,82.059,85.838,1.431,85.838,1.431,0.000,0.000,"LINESTRING (-112.2031120 33.6675560, -112.1827040 33.6676370)",73.000,0.000,0.000,0.000,0.000,0.000,73.000,0.000,0.000,0.000,0.000,0.000,5400.000,6000.000,6000.000,6000.000,6000.000,6000.000,0.135185,0.135185,0.135185,0.135185,0.135185,0.135185,1.176,1.176,1.176,1.176,1.176,1.176,96.540,96.540,96.540,96.540,96.540,96.540,96.540,96.540,96.540,96.540,96.540,96.540,96.540,96.540,96.540,96.540,96.540,96.540,96.540,96.540,96.540,96.540,96.540,96.540,96.540,96.540,96.540,96.540,96.540,96.540,96.540,96.540,96.540,96.540,96.540,96.540,96.540,96.540,96.540,96.540,96.540,96.540,96.540,96.540,96.540,96.540,96.540,96.540,96.540,96.540,96.540,96.540,96.540,96.540,96.540,96.540,,73.000,73.000,0.000,96.535,96.535,0.000,0.135,0.135,0.000,0.000,0.000,0.000,period-based
3,3,bpr,4,5,3.000000,1.815980,1.128639,1.128639,-1,0,,network_wide,-1,0,-1,-1,1,,,0700_0705,73.000,73.000,-1.000,0.000,,6:73;,0.000,0.000,0.000,,,,0.000,1.129,96.535,59.997,1.000,0.135,0.135,1800.000,5400.000,0.000,0.004,0.000,1.000,3.000,243.333,0.955,1.142,0.000,0.000,96.540,82.059,0.400,4.000,96.524,82.059,82.391,1.373,82.391,1.373,0.000,0.000,"LINESTRING (-112.1827040 33.6676370, -112.1631160 33.6677720)",73.000,0.000,0.000,0.000,0.000,0.000,73.000,0.000,0.000,0.000,0.000,0.000,5400.000,6000.000,6000.000,6000.000,6000.000,6000.000,0.135185,0.135185,0.135185,0.135185,0.135185,0.135185,1.129,1.129,1.129,1.129,1.129,1.129,96.540,96.540,96.540,96.540,96.540,96.540,96.540,96.540,96.540,96.540,96.540,96.540,96.540,96.540,96.540,96.540,96.540,96.540,96.540,96.540,96.540,96.540,96.540,96.540,96.540,96.540,96.540,96.540,96.540,96.540,96.540,96.540,96.540,96.540,96.540,96.540,96.540,96.540,96.540,96.540,96.540,96.540,96.540,96.540,96.540,96.540,96.540,96.540,96.540,96.540,96.540,96.540,96.540,96.540,96.540,96.540,,73.000,73.000,0.000,96.535,96.535,0.000,0.135,0.135,0.000,0.000,0.000,0.000,period-based
4,4,bpr,5,6,3.000000,2.078070,1.291529,1.291529,-1,0,,network_wide,-1,0,-1,-1,1,,,0700_0705,73.000,73.000,-1.000,0.000,,7:73;,0.000,0.000,0.000,,,,0.000,1.292,96.535,59.997,1.000,0.135,0.135,1800.000,5400.000,0.000,0.001,0.000,1.000,3.000,243.333,0.955,1.142,0.000,0.000,96.540,82.059,0.400,4.000,96.524,82.059,94.282,1.571,94.282,1.571,0.000,0.000,"LINESTRING (-112.1631160 33.6677720, -112.1407010 33.6679260)",73.000,0.000,0.000,0.000,0.000,0.000,73.000,0.000,0.000,0.000,0.000,0.000,5400.000,6000.000,6000.000,6000.000,6000.000,6000.000,0.135185,0.135185,0.135185,0.135185,0.135185,0.135185,1.292,1.292,1.292,1.292,1.292,1.292,96.540,96.540,96.540,96.540,96.540,96.540,96.540,96.540,96.540,96.540,96.540,96.540,96.540,96.540,96.540,96.540,96.540,96.540,96.540,96.540,96.540,96.540,96.540,96.540,96.540,96.540,96.540,96.540,96.540,96.540,96.540,96.540,96.540,96.540,96.540,96.540,96.540,96.540,96.540,96.540,96.540,96.540,96.540,96.540,96.540,96.540,96.540,96.540,96.540,96.540,96.540,96.540,96.540,96.540,96.540,96.540,,73.000,73.000,0.000,96.535,96.535,0.000,0.135,0.135,0.000,0.000,0.000,0.000,period-based
5,5,bpr,6,7,3.000000,1.890790,1.175134,1.175134,-1,0,,network_wide,-1,0,-1,-1,1,,,0700_0705,73.000,73.000,-1.000,0.000,,8:72;42:1;,0.000,0.000,0.000,,,,0.000,1.175,96.535,59.997,1.000,0.135,0.135,1800.000,5400.000,0.000,0.000,0.000,1.000,3.000,243.333,0.955,1.142,0.000,0.000,96.540,82.059,0.400,4.000,96.524,82.059,85.785,1.430,85.785,1.430,0.000,0.000,"LINESTRING (-112.1407010 33.6679260, -112.1203060 33.6680670)",73.000,0.000,0.000,0.000,0.000,0.000,73.000,0.000,0.000,0.000,0.000,0.000,5400.000,6000.000,6000.000,6000.000,6000.000,6000.000,0.135185,0.135185,0.135185,0.135185,0.135185,0.135185,1.175,1.175,1.175,1.175,1.175,1.175,96.540,96.540,96.540,96.540,96.540,96.540,96.540,96.540,96.540,96.540,96.540,96.540,96.540,96.540,96.540,96.540,96.540,96.540,96.540,96.540,96.540,96.540,96.540,96.540,96.540,96.540,96.540,96.540,96.540,96.540,96.540,96.540,96.540,96.540,96.540,96.540,96.540,96.540,96.540,96.540,96.540,96.540,96.540,96.540,96.540,96.540,96.540,96.540,96.540,96.540,96.540,96.540,96.540,96.540,96.540,96.540,,73.000,73.000,0.000,96.535,96.535,0.000,0.135,0.135,0.000,0.000,0.000,0.000,period-based
6,6,bpr,7,8,3.000000,2.059340,1.279888,1.279888,-1,0,,network_wide,-1,0,-1,-1,1,,,0700_0705,72.000,72.000,-1.000,0.000,,9:72;,0.000,0.000,0.000,,,,0.000,1.280,96.535,59.997,1.000,0.133,0.133,1800.000,5400.000,0.000,0.000,0.000,1.000,3.000,240.000,0.955,1.142,0.000,0.000,96.540,82.059,0.400,4.000,96.525,82.059,92.152,1.536,92.152,1.536,0.000,0.000,"LINESTRING (-112.1203060 33.6680670, -112.0980930 33.6682200)",72.000,0.000,0.000,0.000,0.000,0.000,72.000,0.000,0.000,0.000,0.000,0.000,5400.000,6000.000,6000.000,6000.000,6000.000,6000.000,0.133333,0.133333,0.133333,0.133333,0.133333,0.133333,1.280,1.280,1.280,1.280,1.280,1.280,96.540,96.540,96.540,96.540,96.540,96.540,96.540,96.540,96.540,96.540,96.540,96.540,96.540,96.540,96.540,96.540,96.540,96.540,96.540,96.540,96.540,96.540,96.540,96.540,96.540,96.540,96.540,96.540,96.540,96.540,96.540,96.540,96.540,96.540,96.540,96.540,96.540,96.540,96.540,96.540,96.540,96.540,96.540,96.540,96.540,96.540,96.540,96.540,96.540,96.540,96.540,96.540,96.540,96.540,96.540,96.540,,72.000,72.000,0.000,96.535,96.535,0.000,0.133,0.133,0.000,0.000,0.000,0.000,period-based
7,7,bpr,8,9,3.000000,1.703610,1.058800,1.058800,-1,0,,network_wide,-1,0,-1,-1,1,,,0700_0705,72.000,72.000,-1.000,0.000,,10:72;,0.000,0.000,0.000,,,,0.000,1.059,96.535,59.997,1.000,0.133,0.133,1800.000,5400.000,0.000,0.000,0.000,1.000,3.000,240.000,0.955,1.142,0.000,0.000,96.540,82.059,0.400,4.000,96.525,82.059,76.234,1.271,76.234,1.271,0.000,0.000,"LINESTRING (-112.0980930 33.6682200, -112.0797170 33.6683470)",72.000,0.000,0.000,0.000,0.000,0.000,72.000,0.000,0.000,0.000,0.000,0.000,5400.000,6000.000,6000.000,6000.000,6000.000,6000.000,0.133333,0.133333,0.133333,0.133333,0.133333,0.133333,1.059,1.059,1.059,1.059,1.059,1.059,96.540,96.540,96.540,96.540,96.540,96.540,96.540,96.540,96.540,96.540,96.540,96.540,96.540,96.540,96.540,96.540,96.540,96.540,96.540,96.540,96.540,96.540,96.540,96.540,96.540,96.540,96.540,96.540,96.540,96.540,96.540,96.540,96.540,96.540,96.540,96.540,96.540,96.540,96.540,96.540,96.540,96.540,96.540,96.540,96.540,96.540,96.540,96.540,96.540,96.540,96.540,96.540,96.540,96.540,96.540,96.540,,72.000,72.000,0.000,96.535,96.535,0.000,0.133,0.133,0.000,0.000,0.000,0.000,period-based
8,8,bpr,10,11,2.000000,1.497710,0.930833,0.930833,-1,0,,network_wide,-1,0,-1,-1,1,,,0700_0705,72.000,72.000,-1.000,0.000,,12:72;,0.000,0.000,0.000,,,,0.000,0.931,96.517,59.986,1.000,0.200,0.200,1800.000,3600.000,0.000,0.000,0.000,1.000,2.000,360.000,0.955,1.142,0.002,0.000,96.540,82.059,0.400,4.000,96.463,82.059,67.020,1.117,67.020,1.117,0.000,0.000,"LINESTRING (-112.0623510 33.6684660, -112.0461960 33.6685780)",72.000,0.000,0.000,0.000,0.000,0.000,72.000,0.000,0.000,0.000,0.000,0.000,3600.000,4000.000,4000.000,4000.000,4000.000,4000.000,0.200000,0.200000,0.200000,0.200000,0.200000,0.200000,0.931,0.931,0.931,0.931,0.931,0.931,96.540,96.540,96.540,96.540,96.540,96.540,96.540,96.540,96.540,96.540,96.540,96.540,96.540,96.540,96.540,96.540,96.540,96.540,96.540,96.540,96.540,96.540,96.540,96.540,96.540,96.540,96.540,96.540,96.540,96.540,96.540,96.540,96.540,96.540,96.540,96.540,96.540,96.540,96.540,96.540,96.540,96.540,96.540,96.540,96.540,96.540,96.540,96.540,96.540,96.540,96.540,96.540,96.540,96.540,96.540,96.540,,72.000,72.000,0.000,96.517,96.517,0.000,0.200,0.200,0.000,0.002,0.002,0.000,period-based
9,9,bpr,11,12,3.000000,0.987380,0.613661,0.613661,-1,0,,network_wide,-1,0,-1,-1,1,,,0700_0705,72.000,72.000,-1.000,0.000,,2:72;,0.000,0.000,0.000,,,,0.000,0.614,96.535,59.997,1.000,0.133,0.133,1800.000,5400.000,0.000,0.000,0.000,1.000,3.000,240.000,0.955,1.142,0.000,0.000,96.540,82.059,0.400,4.000,96.525,82.059,44.184,0.736,44.184,0.736,0.000,0.000,"LINESTRING (-112.0461960 33.6685780, -112.0386420 33.6623000)",72.000,0.000,0.000,0.000,0.000,0.000,72.000,0.000,0.000,0.000,0.000,0.000,5400.000,6000.000,6000.000,6000.000,6000.000,6000.000,0.133333,0.133333,0.133333,0.133333,0.133333,0.133333,0.614,0.614,0.614,0.614,0.614,0.614,96.540,96.540,96.540,96.540,96.540,96.540,96.540,96.540,96.540,96.540,96.540,96.540,96.540,96.540,96.540,96.540,96.540,96.540,96.540,96.540,96.540,96.540,96.540,96.540,96.540,96.540,96.540,96.540,96.540,96.540,96.540,96.540,96.540,96.540,96.540,96.540,96.540,96.540,96.540,96.540,96.540,96.540,96.540,96.540,96.540,96.540,96.540,96.540,96.540,96.540,96.540,96.540,96.540,96.540,96.540,96.540,,72.000,72.000,0.000,96.535,96.535,0.000,0.133,0.133,0.000,0.000,0.000,0.000,period-based
10,10,bpr,9,10,2.000000,1.609970,1.000603,1.000603,-1,0,,network_wide,-1,0,-1,-1,1,,,0700_0705,72.000,72.000,-1.000,0.000,,11:72;,0.000,0.000,0.000,,,,0.000,1.001,96.517,59.986,1.000,0.200,0.200,1800.000,3600.000,0.000,0.000,0.000,1.000,2.000,360.000,0.955,1.142,0.002,0.000,96.540,82.059,0.400,4.000,96.463,82.059,72.043,1.201,72.043,1.201,0.000,0.000,"LINESTRING (-112.0797170 33.6683470, -112.0623510 33.6684660)",72.000,0.000,0.000,0.000,0.000,0.000,72.000,0.000,0.000,0.000,0.000,0.000,3600.000,4000.000,4000.000,4000.000,4000.000,4000.000,0.200000,0.200000,0.200000,0.200000,0.200000,0.200000,1.001,1.001,1.001,1.001,1.001,1.001,96.540,96.540,96.540,96.540,96.540,96.540,96.540,96.540,96.540,96.540,96.540,96.540,96.540,96.540,96.540,96.540,96.540,96.540,96.540,96.540,96.540,96.540,96.540,96.540,96.540,96.540,96.540,96.540,96.540,96.540,96.540,96.540,96.540,96.540,96.540,96.540,96.540,96.540,96.540,96.540,96.540,96.540,96.540,96.540,96.540,96.540,96.540,96.540,96.540,96.540,96.540,96.540,96.540,96.540,96.540,96.540,,72.000,72.000,0.000,96.517,96.517,0.000,0.200,0.200,0.000,0.002,0.002,0.000,period-based
11,11,bpr,1,14,3.000000,0.768430,0.477582,0.477582,-1,0,,network_wide,-1,0,-1,-1,1,,,0700_0705,0.000,0.000,-1.000,0.000,,,0.000,0.000,0.000,,,,0.000,0.478,96.540,60.000,1.000,0.000,0.000,1800.000,5400.000,0.000,0.000,0.000,1.000,3.000,0.000,0.955,1.142,0.000,0.000,96.540,82.059,0.400,4.000,96.540,82.059,0.000,0.000,0.000,0.000,0.000,-0.000,"LINESTRING (-112.2164130 33.6539270, -112.2113330 33.6484510)",0.000,0.000,0.000,0.000,0.000,0.000,0.000,0.000,0.000,0.000,0.000,0.000,5400.000,6000.000,6000.000,6000.000,6000.000,6000.000,0.000000,0.000000,0.000000,0.000000,0.000000,0.000000,0.478,0.478,0.478,0.478,0.478,0.478,96.540,96.540,96.540,96.540,96.540,96.540,96.540,96.540,96.540,96.540,96.540,96.540,96.540,96.540,96.540,96.540,96.540,96.540,96.540,96.540,96.540,96.540,96.540,96.540,96.540,96.540,96.540,96.540,96.540,96.540,96.540,96.540,96.540,96.540,96.540,96.540,96.540,96.540,96.540,96.540,96.540,96.540,96.540,96.540,96.540,96.540,96.540,96.540,96.540,96.540,96.540,96.540,96.540,96.540,96.540,96.540,,0.000,0.000,0.000,96.540,96.540,0.000,0.000,0.000,0.000,0.000,0.000,0.000,period-based
12,12,bpr,14,15,3.000000,0.633210,0.393543,0.393543,-1,0,,network_wide,-1,0,-1,-1,1,,,0700_0705,0.000,0.000,-1.000,0.000,,,0.000,0.000,0.000,,,,0.000,0.394,96.540,60.000,1.000,0.000,0.000,1800.000,5400.000,0.000,0.000,0.000,1.000,3.000,0.000,0.955,1.142,0.000,0.000,96.540,82.059,0.400,4.000,96.540,82.059,0.000,0.000,0.000,0.000,0.000,-0.000,"LINESTRING (-112.2113330 33.6484510, -112.2070350 33.6440130)",0.000,0.000,0.000,0.000,0.000,0.000,0.000,0.000,0.000,0.000,0.000,0.000,5400.000,6000.000,6000.000,6000.000,6000.000,6000.000,0.000000,0.000000,0.000000,0.000000,0.000000,0.000000,0.394,0.394,0.394,0.394,0.394,0.394,96.540,96.540,96.540,96.540,96.540,96.540,96.540,96.540,96.540,96.540,96.540,96.540,96.540,96.540,96.540,96.540,96.540,96.540,96.540,96.540,96.540,96.540,96.540,96.540,96.540,96.540,96.540,96.540,96.540,96.540,96.540,96.540,96.540,96.540,96.540,96.540,96.540,96.540,96.540,96.540,96.540,96.540,96.540,96.540,96.540,96.540,96.540,96.540,96.540,96.540,96.540,96.540,96.540,96.540,96.540,96.540,,0.000,0.000,0.000,96.540,96.540,0.000,0.000,0.000,0.000,0.000,0.000,0.000,period-based
13,13,bpr,15,16,3.000000,0.680980,0.423232,0.423232,-1,0,,network_wide,-1,0,-1,-1,1,,,0700_0705,0.000,0.000,-1.000,0.000,,,0.000,0.000,0.000,,,,0.000,0.423,96.540,60.000,1.000,0.000,0.000,1800.000,5400.000,0.000,0.000,0.000,1.000,3.000,0.000,0.955,1.142,0.000,0.000,96.540,82.059,0.400,4.000,96.540,82.059,0.000,0.000,0.000,0.000,0.000,-0.000,"LINESTRING (-112.2070350 33.6440130, -112.2023290 33.6392980)",0.000,0.000,0.000,0.000,0.000,0.000,0.000,0.000,0.000,0.000,0.000,0.000,5400.000,6000.000,6000.000,6000.000,6000.000,6000.000,0.000000,0.000000,0.000000,0.000000,0.000000,0.000000,0.423,0.423,0.423,0.423,0.423,0.423,96.540,96.540,96.540,96.540,96.540,96.540,96.540,96.540,96.540,96.540,96.540,96.540,96.540,96.540,96.540,96.540,96.540,96.540,96.540,96.540,96.540,96.540,96.540,96.540,96.540,96.540,96.540,96.540,96.540,96.540,96.540,96.540,96.540,96.540,96.540,96.540,96.540,96.540,96.540,96.540,96.540,96.540,96.540,96.540,96.540,96.540,96.540,96.540,96.540,96.540,96.540,96.540,96.540,96.540,96.540,96.540,,0.000,0.000,0.000,96.540,96.540,0.000,0.000,0.000,0.000,0.000,0.000,0.000,period-based
14,14,bpr,16,17,3.000000,1.067520,0.663468,0.663468,-1,0,,network_wide,-1,0,-1,-1,1,,,0700_0705,0.000,0.000,-1.000,0.000,,,0.000,0.000,0.000,,,,0.000,0.663,96.540,60.000,1.000,0.000,0.000,1800.000,5400.000,0.000,0.000,0.000,1.000,3.000,0.000,0.955,1.142,0.000,0.000,96.540,82.059,0.400,4.000,96.540,82.059,0.000,0.000,0.000,0.000,0.000,-0.000,"LINESTRING (-112.2023290 33.6392980, -112.1908180 33.6393780)",0.000,0.000,0.000,0.000,0.000,0.000,0.000,0.000,0.000,0.000,0.000,0.000,5400.000,6000.000,6000.000,6000.000,6000.000,6000.000,0.000000,0.000000,0.000000,0.000000,0.000000,0.000000,0.663,0.663,0.663,0.663,0.663,0.663,96.540,96.540,96.540,96.540,96.540,96.540,96.540,96.540,96.540,96.540,96.540,96.540,96.540,96.540,96.540,96.540,96.540,96.540,96.540,96.540,96.540,96.540,96.540,96.540,96.540,96.540,96.540,96.540,96.540,96.540,96.540,96.540,96.540,96.540,96.540,96.540,96.540,96.540,96.540,96.540,96.540,96.540,96.540,96.540,96.540,96.540,96.540,96.540,96.540,96.540,96.540,96.540,96.540,96.540,96.540,96.540,,0.000,0.000,0.000,96.540,96.540,0.000,0.000,0.000,0.000,0.000,0.000,0.000,period-based
15,15,bpr,17,18,3.000000,1.011240,0.628490,0.628490,-1,0,,network_wide,-1,0,-1,-1,1,,,0700_0705,0.000,0.000,-1.000,0.000,,,0.000,0.000,0.000,,,,0.000,0.628,96.540,60.000,1.000,0.000,0.000,1800.000,5400.000,0.000,0.000,0.000,1.000,3.000,0.000,0.955,1.142,0.000,0.000,96.540,82.059,0.400,4.000,96.540,82.059,0.000,0.000,0.000,0.000,0.000,-0.000,"LINESTRING (-112.1908180 33.6393780, -112.1799140 33.6394530)",0.000,0.000,0.000,0.000,0.000,0.000,0.000,0.000,0.000,0.000,0.000,0.000,5400.000,6000.000,6000.000,6000.000,6000.000,6000.000,0.000000,0.000000,0.000000,0.000000,0.000000,0.000000,0.628,0.628,0.628,0.628,0.628,0.628,96.540,96.540,96.540,96.540,96.540,96.540,96.540,96.540,96.540,96.540,96.540,96.540,96.540,96.540,96.540,96.540,96.540,96.540,96.540,96.540,96.540,96.540,96.540,96.540,96.540,96.540,96.540,96.540,96.540,96.540,96.540,96.540,96.540,96.540,96.540,96.540,96.540,96.540,96.540,96.540,96.540,96.540,96.540,96.540,96.540,96.540,96.540,96.540,96.540,96.540,96.540,96.540,96.540,96.540,96.540,96.540,,0.000,0.000,0.000,96.540,96.540,0.000,0.000,0.000,0.000,0.000,0.000,0.000,period-based
16,16,bpr,18,19,3.000000,1.086160,0.675053,0.675053,-1,0,,network_wide,-1,0,-1,-1,1,,,0700_0705,0.000,0.000,-1.000,0.000,,,0.000,0.000,0.000,,,,0.000,0.675,96.540,60.000,1.000,0.000,0.000,1800.000,5400.000,0.000,0.000,0.000,1.000,3.000,0.000,0.955,1.142,0.000,0.000,96.540,82.059,0.400,4.000,96.540,82.059,0.000,0.000,0.000,0.000,0.000,-0.000,"LINESTRING (-112.1799140 33.6394530, -112.1682020 33.6395340)",0.000,0.000,0.000,0.000,0.000,0.000,0.000,0.000,0.000,0.000,0.000,0.000,5400.000,6000.000,6000.000,6000.000,6000.000,6000.000,0.000000,0.000000,0.000000,0.000000,0.000000,0.000000,0.675,0.675,0.675,0.675,0.675,0.675,96.540,96.540,96.540,96.540,96.540,96.540,96.540,96.540,96.540,96.540,96.540,96.540,96.540,96.540,96.540,96.540,96.540,96.540,96.540,96.540,96.540,96.540,96.540,96.540,96.540,96.540,96.540,96.540,96.540,96.540,96.540,96.540,96.540,96.540,96.540,96.540,96.540,96.540,96.540,96.540,96.540,96.540,96.540,96.540,96.540,96.540,96.540,96.540,96.540,96.540,96.540,96.540,96.540,96.540,96.540,96.540,,0.000,0.000,0.000,96.540,96.540,0.000,0.000,0.000,0.000,0.000,0.000,0.000,period-based
17,17,bpr,19,20,3.000000,1.198560,0.744910,0.744910,-1,0,,network_wide,-1,0,-1,-1,1,,,0700_0705,0.000,0.000,-1.000,0.000,,,0.000,0.000,0.000,,,,0.000,0.745,96.540,60.000,1.000,0.000,0.000,1800.000,5400.000,0.000,0.000,0.000,1.000,3.000,0.000,0.955,1.142,0.000,0.000,96.540,82.059,0.400,4.000,96.540,82.059,0.000,0.000,0.000,0.000,0.000,-0.000,"LINESTRING (-112.1682020 33.6395340, -112.1552780 33.6396230)",0.000,0.000,0.000,0.000,0.000,0.000,0.000,0.000,0.000,0.000,0.000,0.000,5400.000,6000.000,6000.000,6000.000,6000.000,6000.000,0.000000,0.000000,0.000000,0.000000,0.000000,0.000000,0.745,0.745,0.745,0.745,0.745,0.745,96.540,96.540,96.540,96.540,96.540,96.540,96.540,96.540,96.540,96.540,96.540,96.540,96.540,96.540,96.540,96.540,96.540,96.540,96.540,96.540,96.540,96.540,96.540,96.540,96.540,96.540,96.540,96.540,96.540,96.540,96.540,96.540,96.540,96.540,96.540,96.540,96.540,96.540,96.540,96.540,96.540,96.540,96.540,96.540,96.540,96.540,96.540,96.540,96.540,96.540,96.540,96.540,96.540,96.540,96.540,96.540,,0.000,0.000,0.000,96.540,96.540,0.000,0.000,0.000,0.000,0.000,0.000,0.000,period-based
18,18,bpr,20,21,3.000000,1.123630,0.698341,0.698341,-1,0,,network_wide,-1,0,-1,-1,1,,,0700_0705,0.000,0.000,-1.000,0.000,,,0.000,0.000,0.000,,,,0.000,0.698,96.540,60.000,1.000,0.000,0.000,1800.000,5400.000,0.000,0.000,0.000,1.000,3.000,0.000,0.955,1.142,0.000,0.000,96.540,82.059,0.400,4.000,96.540,82.059,0.000,0.000,0.000,0.000,0.000,-0.000,"LINESTRING (-112.1552780 33.6396230, -112.1431620 33.6397060)",0.000,0.000,0.000,0.000,0.000,0.000,0.000,0.000,0.000,0.000,0.000,0.000,5400.000,6000.000,6000.000,6000.000,6000.000,6000.000,0.000000,0.000000,0.000000,0.000000,0.000000,0.000000,0.698,0.698,0.698,0.698,0.698,0.698,96.540,96.540,96.540,96.540,96.540,96.540,96.540,96.540,96.540,96.540,96.540,96.540,96.540,96.540,96.540,96.540,96.540,96.540,96.540,96.540,96.540,96.540,96.540,96.540,96.540,96.540,96.540,96.540,96.540,96.540,96.540,96.540,96.540,96.540,96.540,96.540,96.540,96.540,96.540,96.540,96.540,96.540,96.540,96.540,96.540,96.540,96.540,96.540,96.540,96.540,96.540,96.540,96.540,96.540,96.540,96.540,,0.000,0.000,0.000,96.540,96.540,0.000,0.000,0.000,0.000,0.000,0.000,0.000,period-based
19,19,bpr,21,22,3.000000,1.329690,0.826408,0.826408,-1,0,,network_wide,-1,0,-1,-1,1,,,0700_0705,0.000,0.000,-1.000,0.000,,,0.000,0.000,0.000,,,,0.000,0.826,96.540,60.000,1.000,0.000,0.000,1800.000,5400.000,0.000,0.000,0.000,1.000,3.000,0.000,0.955,1.142,0.000,0.000,96.540,82.059,0.400,4.000,96.540,82.059,0.000,0.000,0.000,0.000,0.000,-0.000,"LINESTRING (-112.1431620 33.6397060, -112.1288240 33.6398050)",0.000,0.000,0.000,0.000,0.000,0.000,0.000,0.000,0.000,0.000,0.000,0.000,5400.000,6000.000,6000.000,6000.000,6000.000,6000.000,0.000000,0.000000,0.000000,0.000000,0.000000,0.000000,0.826,0.826,0.826,0.826,0.826,0.826,96.540,96.540,96.540,96.540,96.540,96.540,96.540,96.540,96.540,96.540,96.540,96.540,96.540,96.540,96.540,96.540,96.540,96.540,96.540,96.540,96.540,96.540,96.540,96.540,96.540,96.540,96.540,96.540,96.540,96.540,96.540,96.540,96.540,96.540,96.540,96.540,96.540,96.540,96.540,96.540,96.540,96.540,96.540,96.540,96.540,96.540,96.540,96.540,96.540,96.540,96.540,96.540,96.540,96.540,96.540,96.540,,0.000,0.000,0.000,96.540,96.540,0.000,0.000,0.000,0.000,0.000,0.000,0.000,period-based
20,20,bpr,22,23,3.000000,1.065000,0.661902,0.661902,-1,0,,network_wide,-1,0,-1,-1,1,,,0700_0705,0.000,0.000,-1.000,0.000,,,0.000,0.000,0.000,,,,0.000,0.662,96.540,60.000,1.000,0.000,0.000,1800.000,5400.000,0.000,0.000,0.000,1.000,3.000,0.000,0.955,1.142,0.000,0.000,96.540,82.059,0.400,4.000,96.540,82.059,0.000,0.000,0.000,0.000,0.000,-0.000,"LINESTRING (-112.1288240 33.6398050, -112.1173400 33.6398700)",0.000,0.000,0.000,0.000,0.000,0.000,0.000,0.000,0.000,0.000,0.000,0.000,5400.000,6000.000,6000.000,6000.000,6000.000,6000.000,0.000000,0.000000,0.000000,0.000000,0.000000,0.000000,0.662,0.662,0.662,0.662,0.662,0.662,96.540,96.540,96.540,96.540,96.540,96.540,96.540,96.540,96.540,96.540,96.540,96.540,96.540,96.540,96.540,96.540,96.540,96.540,96.540,96.540,96.540,96.540,96.540,96.540,96.540,96.540,96.540,96.540,96.540,96.540,96.540,96.540,96.540,96.540,96.540,96.540,96.540,96.540,96.540,96.540,96.540,96.540,96.540,96.540,96.540,96.540,96.540,96.540,96.540,96.540,96.540,96.540,96.540,96.540,96.540,96.540,,0.000,0.000,0.000,96.540,96.540,0.000,0.000,0.000,0.000,0.000,0.000,0.000,period-based
21,21,bpr,23,24,3.000000,1.369480,0.851137,0.851137,-1,0,,network_wide,-1,0,-1,-1,1,,,0700_0705,1.000,1.000,-1.000,0.000,,25:1;,0.000,0.000,0.000,,,,0.000,0.851,96.540,60.000,1.000,0.002,0.002,1800.000,5400.000,0.000,0.000,0.000,1.000,3.000,3.333,0.955,1.142,0.000,0.000,96.540,82.059,0.400,4.000,96.540,82.059,0.851,0.014,0.851,0.014,0.000,0.000,"LINESTRING (-112.1173400 33.6398700, -112.1025730 33.6399860)",1.000,0.000,0.000,0.000,0.000,0.000,1.000,0.000,0.000,0.000,0.000,0.000,5400.000,6000.000,6000.000,6000.000,6000.000,6000.000,0.001852,0.001852,0.001852,0.001852,0.001852,0.001852,0.851,0.851,0.851,0.851,0.851,0.851,96.540,96.540,96.540,96.540,96.540,96.540,96.540,96.540,96.540,96.540,96.540,96.540,96.540,96.540,96.540,96.540,96.540,96.540,96.540,96.540,96.540,96.540,96.540,96.540,96.540,96.540,96.540,96.540,96.540,96.540,96.540,96.540,96.540,96.540,96.540,96.540,96.540,96.540,96.540,96.540,96.540,96.540,96.540,96.540,96.540,96.540,96.540,96.540,96.540,96.540,96.540,96.540,96.540,96.540,96.540,96.540,,1.000,1.000,0.000,96.540,96.540,0.000,0.002,0.002,0.000,0.000,0.000,0.000,period-based
22,22,bpr,24,25,3.000000,1.385800,0.861280,0.861280,-1,0,,network_wide,-1,0,-1,-1,1,,,0700_0705,1.000,1.000,-1.000,0.000,,26:1;,0.000,0.000,0.000,,,,0.000,0.861,96.540,60.000,1.000,0.002,0.002,1800.000,5400.000,0.000,0.000,0.000,1.000,3.000,3.333,0.955,1.142,0.000,0.000,96.540,82.059,0.400,4.000,96.540,82.059,0.861,0.014,0.861,0.014,0.000,0.000,"LINESTRING (-112.1025730 33.6399860, -112.0876300 33.6400890)",1.000,0.000,0.000,0.000,0.000,0.000,1.000,0.000,0.000,0.000,0.000,0.000,5400.000,6000.000,6000.000,6000.000,6000.000,6000.000,0.001852,0.001852,0.001852,0.001852,0.001852,0.001852,0.861,0.861,0.861,0.861,0.861,0.861,96.540,96.540,96.540,96.540,96.540,96.540,96.540,96.540,96.540,96.540,96.540,96.540,96.540,96.540,96.540,96.540,96.540,96.540,96.540,96.540,96.540,96.540,96.540,96.540,96.540,96.540,96.540,96.540,96.540,96.540,96.540,96.540,96.540,96.540,96.540,96.540,96.540,96.540,96.540,96.540,96.540,96.540,96.540,96.540,96.540,96.540,96.540,96.540,96.540,96.540,96.540,96.540,96.540,96.540,96.540,96.540,,1.000,1.000,0.000,96.540,96.540,0.000,0.002,0.002,0.000,0.000,0.000,0.000,period-based
23,23,bpr,25,26,3.000000,1.404530,0.872921,0.872921,-1,0,,network_wide,-1,0,-1,-1,1,,,0700_0705,1.000,1.000,-1.000,0.000,,27:1;,0.000,0.000,0.000,,,,0.000,0.873,96.540,60.000,1.000,0.002,0.002,1800.000,5400.000,0.000,0.000,0.000,1.000,3.000,3.333,0.955,1.142,0.000,0.000,96.540,82.059,0.400,4.000,96.540,82.059,0.873,0.015,0.873,0.015,0.000,0.000,"LINESTRING (-112.0876300 33.6400890, -112.0724850 33.6401930)",1.000,0.000,0.000,0.000,0.000,0.000,1.000,0.000,0.000,0.000,0.000,0.000,5400.000,6000.000,6000.000,6000.000,6000.000,6000.000,0.001852,0.001852,0.001852,0.001852,0.001852,0.001852,0.873,0.873,0.873,0.873,0.873,0.873,96.540,96.540,96.540,96.540,96.540,96.540,96.540,96.540,96.540,96.540,96.540,96.540,96.540,96.540,96.540,96.540,96.540,96.540,96.540,96.540,96.540,96.540,96.540,96.540,96.540,96.540,96.540,96.540,96.540,96.540,96.540,96.540,96.540,96.540,96.540,96.540,96.540,96.540,96.540,96.540,96.540,96.540,96.540,96.540,96.540,96.540,96.540,96.540,96.540,96.540,96.540,96.540,96.540,96.540,96.540,96.540,,1.000,1.000,0.000,96.540,96.540,0.000,0.002,0.002,0.000,0.000,0.000,0.000,period-based
24,24,bpr,26,27,3.000000,1.161080,0.721616,0.721616,-1,0,,network_wide,-1,0,-1,-1,1,,,0700_0705,1.000,1.000,-1.000,0.000,,28:1;,0.000,0.000,0.000,,,,0.000,0.722,96.540,60.000,1.000,0.002,0.002,1800.000,5400.000,0.000,0.000,0.000,1.000,3.000,3.333,0.955,1.142,0.000,0.000,96.540,82.059,0.400,4.000,96.540,82.059,0.722,0.012,0.722,0.012,0.000,0.000,"LINESTRING (-112.0724850 33.6401930, -112.0599650 33.6402790)",1.000,0.000,0.000,0.000,0.000,0.000,1.000,0.000,0.000,0.000,0.000,0.000,5400.000,6000.000,6000.000,6000.000,6000.000,6000.000,0.001852,0.001852,0.001852,0.001852,0.001852,0.001852,0.722,0.722,0.722,0.722,0.722,0.722,96.540,96.540,96.540,96.540,96.540,96.540,96.540,96.540,96.540,96.540,96.540,96.540,96.540,96.540,96.540,96.540,96.540,96.540,96.540,96.540,96.540,96.540,96.540,96.540,96.540,96.540,96.540,96.540,96.540,96.540,96.540,96.540,96.540,96.540,96.540,96.540,96.540,96.540,96.540,96.540,96.540,96.540,96.540,96.540,96.540,96.540,96.540,96.540,96.540,96.540,96.540,96.540,96.540,96.540,96.540,96.540,,1.000,1.000,0.000,96.540,96.540,0.000,0.002,0.002,0.000,0.000,0.000,0.000,period-based
25,25,bpr,27,28,3.000000,1.254750,0.779832,0.779832,-1,0,,network_wide,-1,0,-1,-1,1,,,0700_0705,1.000,1.000,-1.000,0.000,,29:1;,0.000,0.000,0.000,,,,0.000,0.780,96.540,60.000,1.000,0.002,0.002,1800.000,5400.000,0.000,0.000,0.000,1.000,3.000,3.333,0.955,1.142,0.000,0.000,96.540,82.059,0.400,4.000,96.540,82.059,0.780,0.013,0.780,0.013,0.000,0.000,"LINESTRING (-112.0599650 33.6402790, -112.0464350 33.6403720)",1.000,0.000,0.000,0.000,0.000,0.000,1.000,0.000,0.000,0.000,0.000,0.000,5400.000,6000.000,6000.000,6000.000,6000.000,6000.000,0.001852,0.001852,0.001852,0.001852,0.001852,0.001852,0.780,0.780,0.780,0.780,0.780,0.780,96.540,96.540,96.540,96.540,96.540,96.540,96.540,96.540,96.540,96.540,96.540,96.540,96.540,96.540,96.540,96.540,96.540,96.540,96.540,96.540,96.540,96.540,96.540,96.540,96.540,96.540,96.540,96.540,96.540,96.540,96.540,96.540,96.540,96.540,96.540,96.540,96.540,96.540,96.540,96.540,96.540,96.540,96.540,96.540,96.540,96.540,96.540,96.540,96.540,96.540,96.540,96.540,96.540,96.540,96.540,96.540,,1.000,1.000,0.000,96.540,96.540,0.000,0.002,0.002,0.000,0.000,0.000,0.000,period-based
26,26,bpr,28,29,3.000000,0.983710,0.611380,0.611380,-1,0,,network_wide,-1,0,-1,-1,1,,,0700_0705,1.000,1.000,-1.000,0.000,,2:1;,0.000,0.000,0.000,,,,0.000,0.611,96.540,60.000,1.000,0.002,0.002,1800.000,5400.000,0.000,0.000,0.000,1.000,3.000,3.333,0.955,1.142,0.000,0.000,96.540,82.059,0.400,4.000,96.540,82.059,0.611,0.010,0.611,0.010,0.000,0.000,"LINESTRING (-112.0464350 33.6403720, -112.0388420 33.6465680)",1.000,0.000,0.000,0.000,0.000,0.000,1.000,0.000,0.000,0.000,0.000,0.000,5400.000,6000.000,6000.000,6000.000,6000.000,6000.000,0.001852,0.001852,0.001852,0.001852,0.001852,0.001852,0.611,0.611,0.611,0.611,0.611,0.611,96.540,96.540,96.540,96.540,96.540,96.540,96.540,96.540,96.540,96.540,96.540,96.540,96.540,96.540,96.540,96.540,96.540,96.540,96.540,96.540,96.540,96.540,96.540,96.540,96.540,96.540,96.540,96.540,96.540,96.540,96.540,96.540,96.540,96.540,96.540,96.540,96.540,96.540,96.540,96.540,96.540,96.540,96.540,96.540,96.540,96.540,96.540,96.540,96.540,96.540,96.540,96.540,96.540,96.540,96.540,96.540,,1.000,1.000,0.000,96.540,96.540,0.000,0.002,0.002,0.000,0.000,0.000,0.000,period-based
27,27,bpr,29,2,3.000000,1.275470,0.792710,0.792710,-1,0,,network_wide,-1,0,-1,-1,1,,,0700_0705,1.000,1.000,-1.000,0.000,,,0.000,0.000,0.000,,,,0.000,0.793,96.540,60.000,1.000,0.002,0.002,1800.000,5400.000,0.000,0.000,0.000,1.000,3.000,3.333,0.955,1.142,0.000,0.000,96.540,82.059,0.400,4.000,96.540,82.059,0.793,0.013,0.793,0.013,0.000,0.000,"LINESTRING (-112.0388420 33.6465680, -112.0298670 33.6552860)",1.000,0.000,0.000,0.000,0.000,0.000,1.000,0.000,0.000,0.000,0.000,0.000,5400.000,6000.000,6000.000,6000.000,6000.000,6000.000,0.001852,0.001852,0.001852,0.001852,0.001852,0.001852,0.793,0.793,0.793,0.793,0.793,0.793,96.540,96.540,96.540,96.540,96.540,96.540,96.540,96.540,96.540,96.540,96.540,96.540,96.540,96.540,96.540,96.540,96.540,96.540,96.540,96.540,96.540,96.540,96.540,96.540,96.540,96.540,96.540,96.540,96.540,96.540,96.540,96.540,96.540,96.540,96.540,96.540,96.540,96.540,96.540,96.540,96.540,96.540,96.540,96.540,96.540,96.540,96.540,96.540,96.540,96.540,96.540,96.540,96.540,96.540,96.540,96.540,,1.000,1.000,0.000,96.540,96.540,0.000,0.002,0.002,0.000,0.000,0.000,0.000,period-based
28,28,bpr,12,2,4.000000,1.125470,0.699484,0.699484,-1,0,,network_wide,-1,0,-1,-1,1,,,0700_0705,72.000,72.000,-1.000,0.000,,,0.000,0.000,0.000,,,,0.000,0.699,96.539,59.999,1.000,0.100,0.100,1800.000,7200.000,0.000,0.000,0.000,1.000,4.000,180.000,0.955,1.142,0.000,0.000,96.540,82.059,0.400,4.000,96.535,82.059,50.363,0.839,50.363,0.839,0.000,0.000,"LINESTRING (-112.0386420 33.6623000, -112.0298670 33.6552860)",72.000,0.000,0.000,0.000,0.000,0.000,72.000,0.000,0.000,0.000,0.000,0.000,7200.000,8000.000,8000.000,8000.000,8000.000,8000.000,0.100000,0.100000,0.100000,0.100000,0.100000,0.100000,0.699,0.699,0.699,0.699,0.699,0.699,96.540,96.540,96.540,96.540,96.540,96.540,96.540,96.540,96.540,96.540,96.540,96.540,96.540,96.540,96.540,96.540,96.540,96.540,96.540,96.540,96.540,96.540,96.540,96.540,96.540,96.540,96.540,96.540,96.540,96.540,96.540,96.540,96.540,96.540,96.540,96.540,96.540,96.540,96.540,96.540,96.540,96.540,96.540,96.540,96.540,96.540,96.540,96.540,96.540,96.540,96.540,96.540,96.540,96.540,96.540,96.540,,72.000,72.000,0.000,96.539,96.539,0.000,0.100,0.100,0.000,0.000,0.000,0.000,period-based
29,29,bpr,1,30,2.000000,2.580210,1.603611,3.207222,-1,0,,network_wide,-1,0,-1,-1,1,,,0700_0705,0.000,0.000,-1.000,0.000,,,0.000,0.000,0.000,,,,0.000,3.207,48.270,30.000,1.000,0.000,0.000,1800.000,3600.000,0.000,0.000,0.000,1.000,2.000,0.000,0.955,1.142,0.000,0.000,48.270,41.029,0.400,4.000,48.270,41.029,0.000,0.000,0.000,0.000,0.000,-0.000,"LINESTRING (-112.2164130 33.6539160, -112.1885870 33.6541820)",0.000,0.000,0.000,0.000,0.000,0.000,0.000,0.000,0.000,0.000,0.000,0.000,3600.000,4000.000,4000.000,4000.000,4000.000,4000.000,0.000000,0.000000,0.000000,0.000000,0.000000,0.000000,3.207,3.207,3.207,3.207,3.207,3.207,48.270,48.270,48.270,48.270,48.270,48.270,48.270,48.270,48.270,48.270,48.270,48.270,48.270,48.270,48.270,48.270,48.270,48.270,48.270,48.270,48.270,48.270,48.270,48.270,48.270,48.270,48.270,48.270,48.270,48.270,48.270,48.270,48.270,48.270,48.270,48.270,48.270,48.270,48.270,48.270,48.270,48.270,48.270,48.270,48.270,48.270,48.270,48.270,48.270,48.270,48.270,48.270,48.270,48.270,48.270,48.270,,0.000,0.000,0.000,48.270,48.270,0.000,0.000,0.000,0.000,0.000,0.000,0.000,period-based
30,30,bpr,30,31,2.000000,2.509000,1.559354,3.118707,-1,0,,network_wide,-1,0,-1,-1,1,,,0700_0705,0.000,0.000,-1.000,0.000,,,0.000,0.000,0.000,,,,0.000,3.119,48.270,30.000,1.000,0.000,0.000,900.000,1800.000,0.000,0.000,0.000,1.000,2.000,0.000,0.955,1.142,0.000,0.000,48.270,41.029,0.400,4.000,48.270,41.029,0.000,0.000,0.000,0.000,0.000,-0.000,"LINESTRING (-112.1885870 33.6541820, -112.1615280 33.6543680)",0.000,0.000,0.000,0.000,0.000,0.000,0.000,0.000,0.000,0.000,0.000,0.000,1800.000,4000.000,4000.000,4000.000,4000.000,4000.000,0.000000,0.000000,0.000000,0.000000,0.000000,0.000000,3.119,3.119,3.119,3.119,3.119,3.119,48.270,48.270,48.270,48.270,48.270,48.270,48.270,48.270,48.270,48.270,48.270,48.270,48.270,48.270,48.270,48.270,48.270,48.270,48.270,48.270,48.270,48.270,48.270,48.270,48.270,48.270,48.270,48.270,48.270,48.270,48.270,48.270,48.270,48.270,48.270,48.270,48.270,48.270,48.270,48.270,48.270,48.270,48.270,48.270,48.270,48.270,48.270,48.270,48.270,48.270,48.270,48.270,48.270,48.270,48.270,48.270,,0.000,0.000,0.000,48.270,48.270,0.000,0.000,0.000,0.000,0.000,0.000,0.000,period-based
31,31,bpr,31,32,2.000000,2.321790,1.443002,2.886004,-1,0,,network_wide,-1,0,-1,-1,1,,,0700_0705,0.000,0.000,-1.000,0.000,,,0.000,0.000,0.000,,,,0.000,2.886,48.270,30.000,1.000,0.000,0.000,1800.000,3600.000,0.000,0.000,0.000,1.000,2.000,0.000,0.955,1.142,0.000,0.000,48.270,41.029,0.400,4.000,48.270,41.029,0.000,0.000,0.000,0.000,0.000,-0.000,"LINESTRING (-112.1615280 33.6543680, -112.1364880 33.6545410)",0.000,0.000,0.000,0.000,0.000,0.000,0.000,0.000,0.000,0.000,0.000,0.000,3600.000,4000.000,4000.000,4000.000,4000.000,4000.000,0.000000,0.000000,0.000000,0.000000,0.000000,0.000000,2.886,2.886,2.886,2.886,2.886,2.886,48.270,48.270,48.270,48.270,48.270,48.270,48.270,48.270,48.270,48.270,48.270,48.270,48.270,48.270,48.270,48.270,48.270,48.270,48.270,48.270,48.270,48.270,48.270,48.270,48.270,48.270,48.270,48.270,48.270,48.270,48.270,48.270,48.270,48.270,48.270,48.270,48.270,48.270,48.270,48.270,48.270,48.270,48.270,48.270,48.270,48.270,48.270,48.270,48.270,48.270,48.270,48.270,48.270,48.270,48.270,48.270,,0.000,0.000,0.000,48.270,48.270,0.000,0.000,0.000,0.000,0.000,0.000,0.000,period-based
32,32,bpr,32,33,2.000000,1.988710,1.235991,2.471983,-1,0,,network_wide,-1,0,-1,-1,1,,,0700_0705,0.000,0.000,-1.000,0.000,,,0.000,0.000,0.000,,,,0.000,2.472,48.270,30.000,1.000,0.000,0.000,900.000,1800.000,0.000,0.000,0.000,1.000,2.000,0.000,0.955,1.142,0.000,0.000,48.270,41.029,0.400,4.000,48.270,41.029,0.000,0.000,0.000,0.000,0.000,-0.000,"LINESTRING (-112.1364880 33.6545410, -112.1150400 33.6546770)",0.000,0.000,0.000,0.000,0.000,0.000,0.000,0.000,0.000,0.000,0.000,0.000,1800.000,4000.000,4000.000,4000.000,4000.000,4000.000,0.000000,0.000000,0.000000,0.000000,0.000000,0.000000,2.472,2.472,2.472,2.472,2.472,2.472,48.270,48.270,48.270,48.270,48.270,48.270,48.270,48.270,48.270,48.270,48.270,48.270,48.270,48.270,48.270,48.270,48.270,48.270,48.270,48.270,48.270,48.270,48.270,48.270,48.270,48.270,48.270,48.270,48.270,48.270,48.270,48.270,48.270,48.270,48.270,48.270,48.270,48.270,48.270,48.270,48.270,48.270,48.270,48.270,48.270,48.270,48.270,48.270,48.270,48.270,48.270,48.270,48.270,48.270,48.270,48.270,,0.000,0.000,0.000,48.270,48.270,0.000,0.000,0.000,0.000,0.000,0.000,0.000,period-based
33,33,bpr,34,2,2.000000,3.108150,1.931728,5.795183,-1,0,,network_wide,-1,0,-1,-1,4,,,0700_0705,0.000,0.000,-1.000,0.000,,,0.000,0.000,0.000,,,,0.000,5.795,32.180,20.000,1.000,0.000,0.000,1800.000,3600.000,0.000,0.000,0.000,1.000,2.000,0.000,0.955,1.142,0.000,0.000,32.180,27.353,0.400,4.000,32.180,27.353,0.000,0.000,0.000,0.000,0.000,-0.000,"LINESTRING (-112.0633880 33.6550440, -112.0298670 33.6552750)",0.000,0.000,0.000,0.000,0.000,0.000,0.000,0.000,0.000,0.000,0.000,0.000,3600.000,4000.000,4000.000,4000.000,4000.000,4000.000,0.000000,0.000000,0.000000,0.000000,0.000000,0.000000,5.795,5.795,5.795,5.795,5.795,5.795,32.180,32.180,32.180,32.180,32.180,32.180,32.180,32.180,32.180,32.180,32.180,32.180,32.180,32.180,32.180,32.180,32.180,32.180,32.180,32.180,32.180,32.180,32.180,32.180,32.180,32.180,32.180,32.180,32.180,32.180,32.180,32.180,32.180,32.180,32.180,32.180,32.180,32.180,32.180,32.180,32.180,32.180,32.180,32.180,32.180,32.180,32.180,32.180,32.180,32.180,32.180,32.180,32.180,32.180,32.180,32.180,,0.000,0.000,0.000,32.180,32.180,0.000,0.000,0.000,0.000,0.000,0.000,0.000,period-based
34,34,bpr,33,35,2.000000,2.448820,1.521952,3.043903,-1,0,,network_wide,-1,0,-1,-1,1,,,0700_0705,0.000,0.000,-1.000,0.000,,,0.000,0.000,0.000,,,,0.000,3.044,48.270,30.000,1.000,0.000,0.000,900.000,1800.000,0.000,0.000,0.000,1.000,2.000,0.000,0.955,1.142,0.000,0.000,48.270,41.029,0.400,4.000,48.270,41.029,0.000,0.000,0.000,0.000,0.000,-0.000,"LINESTRING (-112.1150400 33.6546770, -112.0886300 33.6548700)",0.000,0.000,0.000,0.000,0.000,0.000,0.000,0.000,0.000,0.000,0.000,0.000,1800.000,4000.000,4000.000,4000.000,4000.000,4000.000,0.000000,0.000000,0.000000,0.000000,0.000000,0.000000,3.044,3.044,3.044,3.044,3.044,3.044,48.270,48.270,48.270,48.270,48.270,48.270,48.270,48.270,48.270,48.270,48.270,48.270,48.270,48.270,48.270,48.270,48.270,48.270,48.270,48.270,48.270,48.270,48.270,48.270,48.270,48.270,48.270,48.270,48.270,48.270,48.270,48.270,48.270,48.270,48.270,48.270,48.270,48.270,48.270,48.270,48.270,48.270,48.270,48.270,48.270,48.270,48.270,48.270,48.270,48.270,48.270,48.270,48.270,48.270,48.270,48.270,,0.000,0.000,0.000,48.270,48.270,0.000,0.000,0.000,0.000,0.000,0.000,0.000,period-based
35,35,bpr,35,34,2.000000,2.340500,1.454630,8.727781,-1,0,,network_wide,-1,0,-1,-1,2,,,0700_0705,0.000,0.000,-1.000,0.000,,,0.000,0.000,0.000,,,,0.000,8.728,16.090,10.000,1.000,0.000,0.000,900.000,1800.000,0.000,0.000,0.000,1.000,2.000,0.000,0.955,1.142,0.000,0.000,16.090,13.677,0.400,4.000,16.090,13.677,0.000,0.000,0.000,0.000,0.000,-0.000,"LINESTRING (-112.0886300 33.6548700, -112.0633880 33.6550440)",0.000,0.000,0.000,0.000,0.000,0.000,0.000,0.000,0.000,0.000,0.000,0.000,1800.000,4000.000,4000.000,4000.000,4000.000,4000.000,0.000000,0.000000,0.000000,0.000000,0.000000,0.000000,8.728,8.728,8.728,8.728,8.728,8.728,16.090,16.090,16.090,16.090,16.090,16.090,16.090,16.090,16.090,16.090,16.090,16.090,16.090,16.090,16.090,16.090,16.090,16.090,16.090,16.090,16.090,16.090,16.090,16.090,16.090,16.090,16.090,16.090,16.090,16.090,16.090,16.090,16.090,16.090,16.090,16.090,16.090,16.090,16.090,16.090,16.090,16.090,16.090,16.090,16.090,16.090,16.090,16.090,16.090,16.090,16.090,16.090,16.090,16.090,16.090,16.090,,0.000,0.000,0.000,16.090,16.090,0.000,0.000,0.000,0.000,0.000,0.000,0.000,period-based
36,36,bpr,36,31,3.000000,0.974320,0.605544,1.211088,-1,0,,network_wide,-1,0,-1,-1,1,,,0700_0705,0.000,0.000,-1.000,0.000,,,0.000,0.000,0.000,,,,0.000,1.211,48.270,30.000,1.000,0.000,0.000,1000.000,3000.000,0.000,0.000,0.000,1.000,3.000,0.000,0.955,1.142,0.000,0.000,48.270,41.029,0.400,4.000,48.270,41.029,0.000,0.000,0.000,0.000,0.000,-0.000,"LINESTRING (-112.1688870 33.6606500, -112.1615350 33.6543710)",0.000,0.000,0.000,0.000,0.000,0.000,0.000,0.000,0.000,0.000,0.000,0.000,3000.000,6000.000,6000.000,6000.000,6000.000,6000.000,0.000000,0.000000,0.000000,0.000000,0.000000,0.000000,1.211,1.211,1.211,1.211,1.211,1.211,48.270,48.270,48.270,48.270,48.270,48.270,48.270,48.270,48.270,48.270,48.270,48.270,48.270,48.270,48.270,48.270,48.270,48.270,48.270,48.270,48.270,48.270,48.270,48.270,48.270,48.270,48.270,48.270,48.270,48.270,48.270,48.270,48.270,48.270,48.270,48.270,48.270,48.270,48.270,48.270,48.270,48.270,48.270,48.270,48.270,48.270,48.270,48.270,48.270,48.270,48.270,48.270,48.270,48.270,48.270,48.270,,0.000,0.000,0.000,48.270,48.270,0.000,0.000,0.000,0.000,0.000,0.000,0.000,period-based
37,37,bpr,31,36,3.000000,0.974250,0.605500,0.558923,-1,0,,network_wide,-1,0,-1,-1,1,,,0700_0705,0.000,0.000,-1.000,0.000,,,0.000,0.000,0.000,,,,0.000,0.559,104.585,65.000,1.000,0.000,0.000,1900.000,5700.000,0.000,0.000,0.000,1.000,3.000,0.000,0.955,1.142,0.000,0.000,104.585,88.897,0.400,4.000,104.585,88.897,0.000,0.000,0.000,0.000,0.000,-0.000,"LINESTRING (-112.1615210 33.6543880, -112.1688730 33.6606660)",0.000,0.000,0.000,0.000,0.000,0.000,0.000,0.000,0.000,0.000,0.000,0.000,5700.000,6000.000,6000.000,6000.000,6000.000,6000.000,0.000000,0.000000,0.000000,0.000000,0.000000,0.000000,0.559,0.559,0.559,0.559,0.559,0.559,104.585,104.585,104.585,104.585,104.585,104.585,104.585,104.585,104.585,104.585,104.585,104.585,104.585,104.585,104.585,104.585,104.585,104.585,104.585,104.585,104.585,104.585,104.585,104.585,104.585,104.585,104.585,104.585,104.585,104.585,104.585,104.585,104.585,104.585,104.585,104.585,104.585,104.585,104.585,104.585,104.585,104.585,104.585,104.585,104.585,104.585,104.585,104.585,104.585,104.585,104.585,104.585,104.585,104.585,104.585,104.585,,0.000,0.000,0.000,104.585,104.585,0.000,0.000,0.000,0.000,0.000,0.000,0.000,period-based
38,38,bpr,31,37,3.000000,0.964400,0.599378,0.553272,-1,0,,network_wide,-1,0,-1,-1,1,,,0700_0705,0.000,0.000,-1.000,0.000,,,0.000,0.000,0.000,,,,0.000,0.553,104.585,65.000,1.000,0.000,0.000,1900.000,5700.000,0.000,0.000,0.000,1.000,3.000,0.000,0.955,1.142,0.000,0.000,104.585,88.897,0.400,4.000,104.585,88.897,0.000,0.000,0.000,0.000,0.000,-0.000,"LINESTRING (-112.1615350 33.6543880, -112.1687240 33.6481020)",0.000,0.000,0.000,0.000,0.000,0.000,0.000,0.000,0.000,0.000,0.000,0.000,5700.000,6000.000,6000.000,6000.000,6000.000,6000.000,0.000000,0.000000,0.000000,0.000000,0.000000,0.000000,0.553,0.553,0.553,0.553,0.553,0.553,104.585,104.585,104.585,104.585,104.585,104.585,104.585,104.585,104.585,104.585,104.585,104.585,104.585,104.585,104.585,104.585,104.585,104.585,104.585,104.585,104.585,104.585,104.585,104.585,104.585,104.585,104.585,104.585,104.585,104.585,104.585,104.585,104.585,104.585,104.585,104.585,104.585,104.585,104.585,104.585,104.585,104.585,104.585,104.585,104.585,104.585,104.585,104.585,104.585,104.585,104.585,104.585,104.585,104.585,104.585,104.585,,0.000,0.000,0.000,104.585,104.585,0.000,0.000,0.000,0.000,0.000,0.000,0.000,period-based
39,39,bpr,37,31,3.000000,0.964400,0.599378,0.553272,-1,0,,network_wide,-1,0,-1,-1,1,,,0700_0705,0.000,0.000,-1.000,0.000,,,0.000,0.000,0.000,,,,0.000,0.553,104.585,65.000,1.000,0.000,0.000,1900.000,5700.000,0.000,0.000,0.000,1.000,3.000,0.000,0.955,1.142,0.000,0.000,104.585,88.897,0.400,4.000,104.585,88.897,0.000,0.000,0.000,0.000,0.000,-0.000,"LINESTRING (-112.1687100 33.6480850, -112.1615210 33.6543710)",0.000,0.000,0.000,0.000,0.000,0.000,0.000,0.000,0.000,0.000,0.000,0.000,5700.000,6000.000,6000.000,6000.000,6000.000,6000.000,0.000000,0.000000,0.000000,0.000000,0.000000,0.000000,0.553,0.553,0.553,0.553,0.553,0.553,104.585,104.585,104.585,104.585,104.585,104.585,104.585,104.585,104.585,104.585,104.585,104.585,104.585,104.585,104.585,104.585,104.585,104.585,104.585,104.585,104.585,104.585,104.585,104.585,104.585,104.585,104.585,104.585,104.585,104.585,104.585,104.585,104.585,104.585,104.585,104.585,104.585,104.585,104.585,104.585,104.585,104.585,104.585,104.585,104.585,104.585,104.585,104.585,104.585,104.585,104.585,104.585,104.585,104.585,104.585,104.585,,0.000,0.000,0.000,104.585,104.585,0.000,0.000,0.000,0.000,0.000,0.000,0.000,period-based
40,40,bpr,38,33,3.000000,0.892780,0.554866,0.512184,-1,0,,network_wide,-1,0,-1,-1,1,,,0700_0705,1.000,1.000,-1.000,0.000,,39:1;,0.000,0.000,0.000,,,,0.000,0.512,104.585,65.000,1.000,0.002,0.002,1900.000,5700.000,0.000,0.000,0.000,1.000,3.000,3.333,0.955,1.142,0.000,0.000,104.585,88.897,0.400,4.000,104.585,88.897,0.555,0.009,0.555,0.009,0.000,0.000,"LINESTRING (-112.1175340 33.6624650, -112.1150510 33.6546850)",1.000,0.000,0.000,0.000,0.000,0.000,1.000,0.000,0.000,0.000,0.000,0.000,5700.000,6000.000,6000.000,6000.000,6000.000,6000.000,0.001754,0.001754,0.001754,0.001754,0.001754,0.001754,0.512,0.512,0.512,0.512,0.512,0.512,104.585,104.585,104.585,104.585,104.585,104.585,104.585,104.585,104.585,104.585,104.585,104.585,104.585,104.585,104.585,104.585,104.585,104.585,104.585,104.585,104.585,104.585,104.585,104.585,104.585,104.585,104.585,104.585,104.585,104.585,104.585,104.585,104.585,104.585,104.585,104.585,104.585,104.585,104.585,104.585,104.585,104.585,104.585,104.585,104.585,104.585,104.585,104.585,104.585,104.585,104.585,104.585,104.585,104.585,104.585,104.585,,1.000,1.000,0.000,104.585,104.585,0.000,0.002,0.002,0.000,0.000,0.000,0.000,period-based
41,41,bpr,33,38,3.000000,0.892880,0.554929,0.512242,-1,0,,network_wide,-1,0,-1,-1,1,,,0700_0705,0.000,0.000,-1.000,0.000,,,0.000,0.000,0.000,,,,0.000,0.512,104.585,65.000,1.000,0.000,0.000,1900.000,5700.000,0.000,0.000,0.000,1.000,3.000,0.000,0.955,1.142,0.000,0.000,104.585,88.897,0.400,4.000,104.585,88.897,0.000,0.000,0.000,0.000,0.000,-0.000,"LINESTRING (-112.1150300 33.6546910, -112.1175130 33.6624720)",0.000,0.000,0.000,0.000,0.000,0.000,0.000,0.000,0.000,0.000,0.000,0.000,5700.000,6000.000,6000.000,6000.000,6000.000,6000.000,0.000000,0.000000,0.000000,0.000000,0.000000,0.000000,0.512,0.512,0.512,0.512,0.512,0.512,104.585,104.585,104.585,104.585,104.585,104.585,104.585,104.585,104.585,104.585,104.585,104.585,104.585,104.585,104.585,104.585,104.585,104.585,104.585,104.585,104.585,104.585,104.585,104.585,104.585,104.585,104.585,104.585,104.585,104.585,104.585,104.585,104.585,104.585,104.585,104.585,104.585,104.585,104.585,104.585,104.585,104.585,104.585,104.585,104.585,104.585,104.585,104.585,104.585,104.585,104.585,104.585,104.585,104.585,104.585,104.585,,0.000,0.000,0.000,104.585,104.585,0.000,0.000,0.000,0.000,0.000,0.000,0.000,period-based
42,42,bpr,33,39,3.000000,0.871390,0.541572,0.499913,-1,0,,network_wide,-1,0,-1,-1,1,,,0700_0705,1.000,1.000,-1.000,0.000,,23:1;,0.000,0.000,0.000,,,,0.000,0.500,104.585,65.000,1.000,0.002,0.002,1900.000,5700.000,0.000,0.000,0.000,1.000,3.000,3.333,0.955,1.142,0.000,0.000,104.585,88.897,0.400,4.000,104.585,88.897,0.542,0.008,0.542,0.008,0.000,0.000,"LINESTRING (-112.1150520 33.6546880, -112.1153660 33.6468330)",1.000,0.000,0.000,0.000,0.000,0.000,1.000,0.000,0.000,0.000,0.000,0.000,5700.000,6000.000,6000.000,6000.000,6000.000,6000.000,0.001754,0.001754,0.001754,0.001754,0.001754,0.001754,0.500,0.500,0.500,0.500,0.500,0.500,104.585,104.585,104.585,104.585,104.585,104.585,104.585,104.585,104.585,104.585,104.585,104.585,104.585,104.585,104.585,104.585,104.585,104.585,104.585,104.585,104.585,104.585,104.585,104.585,104.585,104.585,104.585,104.585,104.585,104.585,104.585,104.585,104.585,104.585,104.585,104.585,104.585,104.585,104.585,104.585,104.585,104.585,104.585,104.585,104.585,104.585,104.585,104.585,104.585,104.585,104.585,104.585,104.585,104.585,104.585,104.585,,1.000,1.000,0.000,104.585,104.585,0.000,0.002,0.002,0.000,0.000,0.000,0.000,period-based
43,43,bpr,39,33,3.000000,0.871390,0.541572,0.499913,-1,0,,network_wide,-1,0,-1,-1,1,,,0700_0705,0.000,0.000,-1.000,0.000,,,0.000,0.000,0.000,,,,0.000,0.500,104.585,65.000,1.000,0.000,0.000,1900.000,5700.000,0.000,0.000,0.000,1.000,3.000,0.000,0.955,1.142,0.000,0.000,104.585,88.897,0.400,4.000,104.585,88.897,0.000,0.000,0.000,0.000,0.000,-0.000,"LINESTRING (-112.1153430 33.6468330, -112.1150290 33.6546880)",0.000,0.000,0.000,0.000,0.000,0.000,0.000,0.000,0.000,0.000,0.000,0.000,5700.000,6000.000,6000.000,6000.000,6000.000,6000.000,0.000000,0.000000,0.000000,0.000000,0.000000,0.000000,0.500,0.500,0.500,0.500,0.500,0.500,104.585,104.585,104.585,104.585,104.585,104.585,104.585,104.585,104.585,104.585,104.585,104.585,104.585,104.585,104.585,104.585,104.585,104.585,104.585,104.585,104.585,104.585,104.585,104.585,104.585,104.585,104.585,104.585,104.585,104.585,104.585,104.585,104.585,104.585,104.585,104.585,104.585,104.585,104.585,104.585,104.585,104.585,104.585,104.585,104.585,104.585,104.585,104.585,104.585,104.585,104.585,104.585,104.585,104.585,104.585,104.585,,0.000,0.000,0.000,104.585,104.585,0.000,0.000,0.000,0.000,0.000,0.000,0.000,period-based
44,44,bpr,40,35,3.000000,0.812430,0.504929,0.466088,-1,0,,network_wide,-1,0,-1,-1,1,,,0700_0705,0.000,0.000,-1.000,0.000,,,0.000,0.000,0.000,,,,0.000,0.466,104.585,65.000,1.000,0.000,0.000,1900.000,5700.000,0.000,0.000,0.000,1.000,3.000,0.000,0.955,1.142,0.000,0.000,104.585,88.897,0.400,4.000,104.585,88.897,0.000,0.000,0.000,0.000,0.000,-0.000,"LINESTRING (-112.0943640 33.6604190, -112.0886370 33.6548730)",0.000,0.000,0.000,0.000,0.000,0.000,0.000,0.000,0.000,0.000,0.000,0.000,5700.000,6000.000,6000.000,6000.000,6000.000,6000.000,0.000000,0.000000,0.000000,0.000000,0.000000,0.000000,0.466,0.466,0.466,0.466,0.466,0.466,104.585,104.585,104.585,104.585,104.585,104.585,104.585,104.585,104.585,104.585,104.585,104.585,104.585,104.585,104.585,104.585,104.585,104.585,104.585,104.585,104.585,104.585,104.585,104.585,104.585,104.585,104.585,104.585,104.585,104.585,104.585,104.585,104.585,104.585,104.585,104.585,104.585,104.585,104.585,104.585,104.585,104.585,104.585,104.585,104.585,104.585,104.585,104.585,104.585,104.585,104.585,104.585,104.585,104.585,104.585,104.585,,0.000,0.000,0.000,104.585,104.585,0.000,0.000,0.000,0.000,0.000,0.000,0.000,period-based
45,45,bpr,35,40,3.000000,0.812290,0.504842,0.466008,-1,0,,network_wide,-1,0,-1,-1,1,,,0700_0705,0.000,0.000,-1.000,0.000,,,0.000,0.000,0.000,,,,0.000,0.466,104.585,65.000,1.000,0.000,0.000,1900.000,5700.000,0.000,0.000,0.000,1.000,3.000,0.000,0.955,1.142,0.000,0.000,104.585,88.897,0.400,4.000,104.585,88.897,0.000,0.000,0.000,0.000,0.000,-0.000,"LINESTRING (-112.0886230 33.6548900, -112.0943490 33.6604350)",0.000,0.000,0.000,0.000,0.000,0.000,0.000,0.000,0.000,0.000,0.000,0.000,5700.000,6000.000,6000.000,6000.000,6000.000,6000.000,0.000000,0.000000,0.000000,0.000000,0.000000,0.000000,0.466,0.466,0.466,0.466,0.466,0.466,104.585,104.585,104.585,104.585,104.585,104.585,104.585,104.585,104.585,104.585,104.585,104.585,104.585,104.585,104.585,104.585,104.585,104.585,104.585,104.585,104.585,104.585,104.585,104.585,104.585,104.585,104.585,104.585,104.585,104.585,104.585,104.585,104.585,104.585,104.585,104.585,104.585,104.585,104.585,104.585,104.585,104.585,104.585,104.585,104.585,104.585,104.585,104.585,104.585,104.585,104.585,104.585,104.585,104.585,104.585,104.585,,0.000,0.000,0.000,104.585,104.585,0.000,0.000,0.000,0.000,0.000,0.000,0.000,period-based
46,46,bpr,35,41,3.000000,1.280510,0.795842,0.734624,-1,0,,network_wide,-1,0,-1,-1,1,,,0700_0705,0.000,0.000,-1.000,0.000,,,0.000,0.000,0.000,,,,0.000,0.735,104.585,65.000,1.000,0.000,0.000,1900.000,5700.000,0.000,0.000,0.000,1.000,3.000,0.000,0.955,1.142,0.000,0.000,104.585,88.897,0.400,4.000,104.585,88.897,0.000,0.000,0.000,0.000,0.000,-0.000,"LINESTRING (-112.0886360 33.6548910, -112.0996530 33.6479270)",0.000,0.000,0.000,0.000,0.000,0.000,0.000,0.000,0.000,0.000,0.000,0.000,5700.000,6000.000,6000.000,6000.000,6000.000,6000.000,0.000000,0.000000,0.000000,0.000000,0.000000,0.000000,0.735,0.735,0.735,0.735,0.735,0.735,104.585,104.585,104.585,104.585,104.585,104.585,104.585,104.585,104.585,104.585,104.585,104.585,104.585,104.585,104.585,104.585,104.585,104.585,104.585,104.585,104.585,104.585,104.585,104.585,104.585,104.585,104.585,104.585,104.585,104.585,104.585,104.585,104.585,104.585,104.585,104.585,104.585,104.585,104.585,104.585,104.585,104.585,104.585,104.585,104.585,104.585,104.585,104.585,104.585,104.585,104.585,104.585,104.585,104.585,104.585,104.585,,0.000,0.000,0.000,104.585,104.585,0.000,0.000,0.000,0.000,0.000,0.000,0.000,period-based
47,47,bpr,41,35,3.000000,1.280430,0.795792,0.734578,-1,0,,network_wide,-1,0,-1,-1,1,,,0700_0705,0.000,0.000,-1.000,0.000,,,0.000,0.000,0.000,,,,0.000,0.735,104.585,65.000,1.000,0.000,0.000,1900.000,5700.000,0.000,0.000,0.000,1.000,3.000,0.000,0.955,1.142,0.000,0.000,104.585,88.897,0.400,4.000,104.585,88.897,0.000,0.000,0.000,0.000,0.000,-0.000,"LINESTRING (-112.0996410 33.6479090, -112.0886240 33.6548720)",0.000,0.000,0.000,0.000,0.000,0.000,0.000,0.000,0.000,0.000,0.000,0.000,5700.000,6000.000,6000.000,6000.000,6000.000,6000.000,0.000000,0.000000,0.000000,0.000000,0.000000,0.000000,0.735,0.735,0.735,0.735,0.735,0.735,104.585,104.585,104.585,104.585,104.585,104.585,104.585,104.585,104.585,104.585,104.585,104.585,104.585,104.585,104.585,104.585,104.585,104.585,104.585,104.585,104.585,104.585,104.585,104.585,104.585,104.585,104.585,104.585,104.585,104.585,104.585,104.585,104.585,104.585,104.585,104.585,104.585,104.585,104.585,104.585,104.585,104.585,104.585,104.585,104.585,104.585,104.585,104.585,104.585,104.585,104.585,104.585,104.585,104.585,104.585,104.585,,0.000,0.000,0.000,104.585,104.585,0.000,0.000,0.000,0.000,0.000,0.000,0.000,period-based
48,48,bpr,4,36,2.000000,1.497090,0.930447,1.860895,-1,0,,network_wide,-1,0,-1,-1,1,,,0700_0705,0.000,0.000,-1.000,0.000,,,0.000,0.000,0.000,,,,0.000,1.861,48.270,30.000,1.000,0.000,0.000,700.000,1400.000,0.000,0.000,0.000,1.000,2.000,0.000,0.955,1.142,0.000,0.000,48.270,41.029,0.400,4.000,48.270,41.029,0.000,0.000,0.000,0.000,0.000,-0.000,"LINESTRING (-112.1827040 33.6676370, -112.1688800 33.6606580)",0.000,0.000,0.000,0.000,0.000,0.000,0.000,0.000,0.000,0.000,0.000,0.000,1400.000,4000.000,4000.000,4000.000,4000.000,4000.000,0.000000,0.000000,0.000000,0.000000,0.000000,0.000000,1.861,1.861,1.861,1.861,1.861,1.861,48.270,48.270,48.270,48.270,48.270,48.270,48.270,48.270,48.270,48.270,48.270,48.270,48.270,48.270,48.270,48.270,48.270,48.270,48.270,48.270,48.270,48.270,48.270,48.270,48.270,48.270,48.270,48.270,48.270,48.270,48.270,48.270,48.270,48.270,48.270,48.270,48.270,48.270,48.270,48.270,48.270,48.270,48.270,48.270,48.270,48.270,48.270,48.270,48.270,48.270,48.270,48.270,48.270,48.270,48.270,48.270,,0.000,0.000,0.000,48.270,48.270,0.000,0.000,0.000,0.000,0.000,0.000,0.000,period-based
49,49,bpr,2,34,3.000000,3.108150,1.931728,1.783133,-1,0,,network_wide,-1,0,-1,-1,1,,,0700_0705,0.000,0.000,-1.000,0.000,,,0.000,0.000,0.000,,,,0.000,1.783,104.585,65.000,1.000,0.000,0.000,1900.000,5700.000,0.000,0.000,0.000,1.000,3.000,0.000,0.955,1.142,0.000,0.000,104.585,88.897,0.400,4.000,104.585,88.897,0.000,0.000,0.000,0.000,0.000,-0.000,"LINESTRING (-112.0298670 33.6552980, -112.0633880 33.6550670)",0.000,0.000,0.000,0.000,0.000,0.000,0.000,0.000,0.000,0.000,0.000,0.000,5700.000,6000.000,6000.000,6000.000,6000.000,6000.000,0.000000,0.000000,0.000000,0.000000,0.000000,0.000000,1.783,1.783,1.783,1.783,1.783,1.783,104.585,104.585,104.585,104.585,104.585,104.585,104.585,104.585,104.585,104.585,104.585,104.585,104.585,104.585,104.585,104.585,104.585,104.585,104.585,104.585,104.585,104.585,104.585,104.585,104.585,104.585,104.585,104.585,104.585,104.585,104.585,104.585,104.585,104.585,104.585,104.585,104.585,104.585,104.585,104.585,104.585,104.585,104.585,104.585,104.585,104.585,104.585,104.585,104.585,104.585,104.585,104.585,104.585,104.585,104.585,104.585,,0.000,0.000,0.000,104.585,104.585,0.000,0.000,0.000,0.000,0.000,0.000,0.000,period-based
50,50,bpr,34,35,3.000000,2.340500,1.454630,1.342736,-1,0,,network_wide,-1,0,-1,-1,1,,,0700_0705,0.000,0.000,-1.000,0.000,,,0.000,0.000,0.000,,,,0.000,1.343,104.585,65.000,1.000,0.000,0.000,1900.000,5700.000,0.000,0.000,0.000,1.000,3.000,0.000,0.955,1.142,0.000,0.000,104.585,88.897,0.400,4.000,104.585,88.897,0.000,0.000,0.000,0.000,0.000,-0.000,"LINESTRING (-112.0633880 33.6550670, -112.0886300 33.6548930)",0.000,0.000,0.000,0.000,0.000,0.000,0.000,0.000,0.000,0.000,0.000,0.000,5700.000,6000.000,6000.000,6000.000,6000.000,6000.000,0.000000,0.000000,0.000000,0.000000,0.000000,0.000000,1.343,1.343,1.343,1.343,1.343,1.343,104.585,104.585,104.585,104.585,104.585,104.585,104.585,104.585,104.585,104.585,104.585,104.585,104.585,104.585,104.585,104.585,104.585,104.585,104.585,104.585,104.585,104.585,104.585,104.585,104.585,104.585,104.585,104.585,104.585,104.585,104.585,104.585,104.585,104.585,104.585,104.585,104.585,104.585,104.585,104.585,104.585,104.585,104.585,104.585,104.585,104.585,104.585,104.585,104.585,104.585,104.585,104.585,104.585,104.585,104.585,104.585,,0.000,0.000,0.000,104.585,104.585,0.000,0.000,0.000,0.000,0.000,0.000,0.000,period-based
51,51,bpr,35,33,3.000000,2.448910,1.522007,1.404930,-1,0,,network_wide,-1,0,-1,-1,1,,,0700_0705,0.000,0.000,-1.000,0.000,,,0.000,0.000,0.000,,,,0.000,1.405,104.585,65.000,1.000,0.000,0.000,1900.000,5700.000,0.000,0.000,0.000,1.000,3.000,0.000,0.955,1.142,0.000,0.000,104.585,88.897,0.400,4.000,104.585,88.897,0.000,0.000,0.000,0.000,0.000,-0.000,"LINESTRING (-112.0886300 33.6548930, -112.1150410 33.6546990)",0.000,0.000,0.000,0.000,0.000,0.000,0.000,0.000,0.000,0.000,0.000,0.000,5700.000,6000.000,6000.000,6000.000,6000.000,6000.000,0.000000,0.000000,0.000000,0.000000,0.000000,0.000000,1.405,1.405,1.405,1.405,1.405,1.405,104.585,104.585,104.585,104.585,104.585,104.585,104.585,104.585,104.585,104.585,104.585,104.585,104.585,104.585,104.585,104.585,104.585,104.585,104.585,104.585,104.585,104.585,104.585,104.585,104.585,104.585,104.585,104.585,104.585,104.585,104.585,104.585,104.585,104.585,104.585,104.585,104.585,104.585,104.585,104.585,104.585,104.585,104.585,104.585,104.585,104.585,104.585,104.585,104.585,104.585,104.585,104.585,104.585,104.585,104.585,104.585,,0.000,0.000,0.000,104.585,104.585,0.000,0.000,0.000,0.000,0.000,0.000,0.000,period-based
52,52,bpr,33,32,3.000000,1.988620,1.235935,1.140863,-1,0,,network_wide,-1,0,-1,-1,1,,,0700_0705,0.000,0.000,-1.000,0.000,,,0.000,0.000,0.000,,,,0.000,1.141,104.585,65.000,1.000,0.000,0.000,1900.000,5700.000,0.000,0.000,0.000,1.000,3.000,0.000,0.955,1.142,0.000,0.000,104.585,88.897,0.400,4.000,104.585,88.897,0.000,0.000,0.000,0.000,0.000,-0.000,"LINESTRING (-112.1150410 33.6546990, -112.1364880 33.6545630)",0.000,0.000,0.000,0.000,0.000,0.000,0.000,0.000,0.000,0.000,0.000,0.000,5700.000,6000.000,6000.000,6000.000,6000.000,6000.000,0.000000,0.000000,0.000000,0.000000,0.000000,0.000000,1.141,1.141,1.141,1.141,1.141,1.141,104.585,104.585,104.585,104.585,104.585,104.585,104.585,104.585,104.585,104.585,104.585,104.585,104.585,104.585,104.585,104.585,104.585,104.585,104.585,104.585,104.585,104.585,104.585,104.585,104.585,104.585,104.585,104.585,104.585,104.585,104.585,104.585,104.585,104.585,104.585,104.585,104.585,104.585,104.585,104.585,104.585,104.585,104.585,104.585,104.585,104.585,104.585,104.585,104.585,104.585,104.585,104.585,104.585,104.585,104.585,104.585,,0.000,0.000,0.000,104.585,104.585,0.000,0.000,0.000,0.000,0.000,0.000,0.000,period-based
53,53,bpr,32,31,3.000000,2.321790,1.443002,1.332002,-1,0,,network_wide,-1,0,-1,-1,1,,,0700_0705,0.000,0.000,-1.000,0.000,,,0.000,0.000,0.000,,,,0.000,1.332,104.585,65.000,1.000,0.000,0.000,1900.000,5700.000,0.000,0.000,0.000,1.000,3.000,0.000,0.955,1.142,0.000,0.000,104.585,88.897,0.400,4.000,104.585,88.897,0.000,0.000,0.000,0.000,0.000,-0.000,"LINESTRING (-112.1364880 33.6545630, -112.1615280 33.6543910)",0.000,0.000,0.000,0.000,0.000,0.000,0.000,0.000,0.000,0.000,0.000,0.000,5700.000,6000.000,6000.000,6000.000,6000.000,6000.000,0.000000,0.000000,0.000000,0.000000,0.000000,0.000000,1.332,1.332,1.332,1.332,1.332,1.332,104.585,104.585,104.585,104.585,104.585,104.585,104.585,104.585,104.585,104.585,104.585,104.585,104.585,104.585,104.585,104.585,104.585,104.585,104.585,104.585,104.585,104.585,104.585,104.585,104.585,104.585,104.585,104.585,104.585,104.585,104.585,104.585,104.585,104.585,104.585,104.585,104.585,104.585,104.585,104.585,104.585,104.585,104.585,104.585,104.585,104.585,104.585,104.585,104.585,104.585,104.585,104.585,104.585,104.585,104.585,104.585,,0.000,0.000,0.000,104.585,104.585,0.000,0.000,0.000,0.000,0.000,0.000,0.000,period-based
54,54,bpr,31,30,3.000000,2.509090,1.559410,1.439455,-1,0,,network_wide,-1,0,-1,-1,1,,,0700_0705,0.000,0.000,-1.000,0.000,,,0.000,0.000,0.000,,,,0.000,1.439,104.585,65.000,1.000,0.000,0.000,1900.000,5700.000,0.000,0.000,0.000,1.000,3.000,0.000,0.955,1.142,0.000,0.000,104.585,88.897,0.400,4.000,104.585,88.897,0.000,0.000,0.000,0.000,0.000,-0.000,"LINESTRING (-112.1615280 33.6543910, -112.1885880 33.6542040)",0.000,0.000,0.000,0.000,0.000,0.000,0.000,0.000,0.000,0.000,0.000,0.000,5700.000,6000.000,6000.000,6000.000,6000.000,6000.000,0.000000,0.000000,0.000000,0.000000,0.000000,0.000000,1.439,1.439,1.439,1.439,1.439,1.439,104.585,104.585,104.585,104.585,104.585,104.585,104.585,104.585,104.585,104.585,104.585,104.585,104.585,104.585,104.585,104.585,104.585,104.585,104.585,104.585,104.585,104.585,104.585,104.585,104.585,104.585,104.585,104.585,104.585,104.585,104.585,104.585,104.585,104.585,104.585,104.585,104.585,104.585,104.585,104.585,104.585,104.585,104.585,104.585,104.585,104.585,104.585,104.585,104.585,104.585,104.585,104.585,104.585,104.585,104.585,104.585,,0.000,0.000,0.000,104.585,104.585,0.000,0.000,0.000,0.000,0.000,0.000,0.000,period-based
55,55,bpr,30,1,3.000000,2.580120,1.603555,1.480205,-1,0,,network_wide,-1,0,-1,-1,1,,,0700_0705,0.000,0.000,-1.000,0.000,,,0.000,0.000,0.000,,,,0.000,1.480,104.585,65.000,1.000,0.000,0.000,1900.000,5700.000,0.000,0.000,0.000,1.000,3.000,0.000,0.955,1.142,0.000,0.000,104.585,88.897,0.400,4.000,104.585,88.897,0.000,0.000,0.000,0.000,0.000,-0.000,"LINESTRING (-112.1885880 33.6542040, -112.2164130 33.6539380)",0.000,0.000,0.000,0.000,0.000,0.000,0.000,0.000,0.000,0.000,0.000,0.000,5700.000,6000.000,6000.000,6000.000,6000.000,6000.000,0.000000,0.000000,0.000000,0.000000,0.000000,0.000000,1.480,1.480,1.480,1.480,1.480,1.480,104.585,104.585,104.585,104.585,104.585,104.585,104.585,104.585,104.585,104.585,104.585,104.585,104.585,104.585,104.585,104.585,104.585,104.585,104.585,104.585,104.585,104.585,104.585,104.585,104.585,104.585,104.585,104.585,104.585,104.585,104.585,104.585,104.585,104.585,104.585,104.585,104.585,104.585,104.585,104.585,104.585,104.585,104.585,104.585,104.585,104.585,104.585,104.585,104.585,104.585,104.585,104.585,104.585,104.585,104.585,104.585,,0.000,0.000,0.000,104.585,104.585,0.000,0.000,0.000,0.000,0.000,0.000,0.000,period-based
56,56,bpr,7,38,1.000000,0.672220,0.417787,0.385650,-1,0,,network_wide,-1,0,-1,-1,1,,,0700_0705,1.000,1.000,-1.000,0.000,,33:1;,0.000,0.000,0.000,,,,0.000,0.386,104.585,65.000,1.000,0.005,0.005,1900.000,1900.000,0.000,0.002,0.002,1.000,1.000,10.000,0.955,1.142,0.000,0.000,104.585,88.897,0.400,4.000,104.585,88.897,0.418,0.006,0.418,0.006,0.000,0.000,"LINESTRING (-112.1203160 33.6680620, -112.1175340 33.6624630)",1.000,0.000,0.000,0.000,0.000,0.000,1.000,0.000,0.000,0.000,0.000,0.000,1900.000,2000.000,2000.000,2000.000,2000.000,2000.000,0.005263,0.005263,0.005263,0.005263,0.005263,0.005263,0.386,0.386,0.386,0.386,0.386,0.386,104.585,104.585,104.585,104.585,104.585,104.585,104.585,104.585,104.585,104.585,104.585,104.585,104.585,104.585,104.585,104.585,104.585,104.585,104.585,104.585,104.585,104.585,104.585,104.585,104.585,104.585,104.585,104.585,104.585,104.585,104.585,104.585,104.585,104.585,104.585,104.585,104.585,104.585,104.585,104.585,104.585,104.585,104.585,104.585,104.585,104.585,104.585,104.585,104.585,104.585,104.585,104.585,104.585,104.585,104.585,104.585,,1.000,1.000,0.000,104.585,104.585,0.000,0.005,0.005,0.000,0.000,0.000,0.000,period-based
57,57,bpr,38,7,1.000000,0.672160,0.417750,0.385616,-1,0,,network_wide,-1,0,-1,-1,1,,,0700_0705,0.000,0.000,-1.000,0.000,,,0.000,0.000,0.000,,,,0.000,0.386,104.585,65.000,1.000,0.000,0.000,1900.000,1900.000,0.000,0.000,0.000,1.000,1.000,0.000,0.955,1.142,0.000,0.000,104.585,88.897,0.400,4.000,104.585,88.897,0.000,0.000,0.000,0.000,0.000,-0.000,"LINESTRING (-112.1175130 33.6624740, -112.1202960 33.6680720)",0.000,0.000,0.000,0.000,0.000,0.000,0.000,0.000,0.000,0.000,0.000,0.000,1900.000,2000.000,2000.000,2000.000,2000.000,2000.000,0.000000,0.000000,0.000000,0.000000,0.000000,0.000000,0.386,0.386,0.386,0.386,0.386,0.386,104.585,104.585,104.585,104.585,104.585,104.585,104.585,104.585,104.585,104.585,104.585,104.585,104.585,104.585,104.585,104.585,104.585,104.585,104.585,104.585,104.585,104.585,104.585,104.585,104.585,104.585,104.585,104.585,104.585,104.585,104.585,104.585,104.585,104.585,104.585,104.585,104.585,104.585,104.585,104.585,104.585,104.585,104.585,104.585,104.585,104.585,104.585,104.585,104.585,104.585,104.585,104.585,104.585,104.585,104.585,104.585,,0.000,0.000,0.000,104.585,104.585,0.000,0.000,0.000,0.000,0.000,0.000,0.000,period-based
58,58,bpr,39,23,1.000000,0.793640,0.493250,0.455308,-1,0,,network_wide,-1,0,-1,-1,1,,,0700_0705,1.000,1.000,-1.000,0.000,,43:1;,0.000,0.000,0.000,,,,0.000,0.455,104.585,65.000,1.000,0.005,0.005,1900.000,1900.000,0.000,0.000,0.000,1.000,1.000,10.000,0.955,1.142,0.000,0.000,104.585,88.897,0.400,4.000,104.585,88.897,0.493,0.008,0.493,0.008,0.000,0.000,"LINESTRING (-112.1153650 33.6468360, -112.1173500 33.6398730)",1.000,0.000,0.000,0.000,0.000,0.000,1.000,0.000,0.000,0.000,0.000,0.000,1900.000,2000.000,2000.000,2000.000,2000.000,2000.000,0.005263,0.005263,0.005263,0.005263,0.005263,0.005263,0.455,0.455,0.455,0.455,0.455,0.455,104.585,104.585,104.585,104.585,104.585,104.585,104.585,104.585,104.585,104.585,104.585,104.585,104.585,104.585,104.585,104.585,104.585,104.585,104.585,104.585,104.585,104.585,104.585,104.585,104.585,104.585,104.585,104.585,104.585,104.585,104.585,104.585,104.585,104.585,104.585,104.585,104.585,104.585,104.585,104.585,104.585,104.585,104.585,104.585,104.585,104.585,104.585,104.585,104.585,104.585,104.585,104.585,104.585,104.585,104.585,104.585,,1.000,1.000,0.000,104.585,104.585,0.000,0.005,0.005,0.000,0.000,0.000,0.000,period-based
59,59,bpr,23,39,1.000000,0.793660,0.493263,0.455320,-1,0,,network_wide,-1,0,-1,-1,1,,,0700_0705,0.000,0.000,-1.000,0.000,,,0.000,0.000,0.000,,,,0.000,0.455,104.585,65.000,1.000,0.000,0.000,1900.000,1900.000,0.000,0.000,0.000,1.000,1.000,0.000,0.955,1.142,0.000,0.000,104.585,88.897,0.400,4.000,104.585,88.897,0.000,0.000,0.000,0.000,0.000,-0.000,"LINESTRING (-112.1173300 33.6398670, -112.1153440 33.6468300)",0.000,0.000,0.000,0.000,0.000,0.000,0.000,0.000,0.000,0.000,0.000,0.000,1900.000,2000.000,2000.000,2000.000,2000.000,2000.000,0.000000,0.000000,0.000000,0.000000,0.000000,0.000000,0.455,0.455,0.455,0.455,0.455,0.455,104.585,104.585,104.585,104.585,104.585,104.585,104.585,104.585,104.585,104.585,104.585,104.585,104.585,104.585,104.585,104.585,104.585,104.585,104.585,104.585,104.585,104.585,104.585,104.585,104.585,104.585,104.585,104.585,104.585,104.585,104.585,104.585,104.585,104.585,104.585,104.585,104.585,104.585,104.585,104.585,104.585,104.585,104.585,104.585,104.585,104.585,104.585,104.585,104.585,104.585,104.585,104.585,104.585,104.585,104.585,104.585,,0.000,0.000,0.000,104.585,104.585,0.000,0.000,0.000,0.000,0.000,0.000,0.000,period-based
60,60,bpr,7,42,1.000000,0.376270,0.233853,0.215865,-1,0,,network_wide,-1,0,-1,-1,1,,,0700_0705,1.000,1.000,-1.000,0.000,,,0.000,0.000,0.000,,,,0.000,0.216,104.585,65.000,1.000,0.005,0.005,1900.000,1900.000,0.000,0.000,0.000,1.000,1.000,10.000,0.955,1.142,0.000,0.000,104.585,88.897,0.400,4.000,104.585,88.897,0.234,0.004,0.234,0.004,0.000,0.000,"LINESTRING (-112.1202950 33.6680650, -112.1196100 33.6714100)",1.000,0.000,0.000,0.000,0.000,0.000,1.000,0.000,0.000,0.000,0.000,0.000,1900.000,2000.000,2000.000,2000.000,2000.000,2000.000,0.005263,0.005263,0.005263,0.005263,0.005263,0.005263,0.216,0.216,0.216,0.216,0.216,0.216,104.585,104.585,104.585,104.585,104.585,104.585,104.585,104.585,104.585,104.585,104.585,104.585,104.585,104.585,104.585,104.585,104.585,104.585,104.585,104.585,104.585,104.585,104.585,104.585,104.585,104.585,104.585,104.585,104.585,104.585,104.585,104.585,104.585,104.585,104.585,104.585,104.585,104.585,104.585,104.585,104.585,104.585,104.585,104.585,104.585,104.585,104.585,104.585,104.585,104.585,104.585,104.585,104.585,104.585,104.585,104.585,,1.000,1.000,0.000,104.585,104.585,0.000,0.005,0.005,0.000,0.000,0.000,0.000,period-based
61,61,bpr,42,7,1.000000,0.376250,0.233841,0.215853,-1,0,,network_wide,-1,0,-1,-1,1,,,0700_0705,1.000,1.000,-1.000,0.000,,38:1;,0.000,0.000,0.000,,,,0.000,0.216,104.585,65.000,1.000,0.005,0.005,1900.000,1900.000,0.000,0.001,0.001,1.000,1.000,10.000,0.955,1.142,0.000,0.000,104.585,88.897,0.400,4.000,104.585,88.897,0.234,0.004,0.234,0.004,0.000,0.000,"LINESTRING (-112.1196330 33.6714140, -112.1203170 33.6680690)",1.000,0.000,0.000,0.000,0.000,0.000,1.000,0.000,0.000,0.000,0.000,0.000,1900.000,2000.000,2000.000,2000.000,2000.000,2000.000,0.005263,0.005263,0.005263,0.005263,0.005263,0.005263,0.216,0.216,0.216,0.216,0.216,0.216,104.585,104.585,104.585,104.585,104.585,104.585,104.585,104.585,104.585,104.585,104.585,104.585,104.585,104.585,104.585,104.585,104.585,104.585,104.585,104.585,104.585,104.585,104.585,104.585,104.585,104.585,104.585,104.585,104.585,104.585,104.585,104.585,104.585,104.585,104.585,104.585,104.585,104.585,104.585,104.585,104.585,104.585,104.585,104.585,104.585,104.585,104.585,104.585,104.585,104.585,104.585,104.585,104.585,104.585,104.585,104.585,,1.000,1.000,0.000,104.585,104.585,0.000,0.005,0.005,0.000,0.000,0.000,0.000,period-based
62,62,bpr,23,43,1.000000,0.556880,0.346103,0.319480,-1,0,,network_wide,-1,0,-1,-1,1,,,0700_0705,1.000,1.000,-1.000,0.000,,,0.000,0.000,0.000,,,,0.000,0.319,104.585,65.000,1.000,0.005,0.005,1900.000,1900.000,0.000,0.000,0.000,1.000,1.000,10.000,0.955,1.142,0.000,0.000,104.585,88.897,0.400,4.000,104.585,88.897,0.346,0.005,0.346,0.005,0.000,0.000,"LINESTRING (-112.1173510 33.6398690, -112.1169600 33.6348570)",1.000,0.000,0.000,0.000,0.000,0.000,1.000,0.000,0.000,0.000,0.000,0.000,1900.000,2000.000,2000.000,2000.000,2000.000,2000.000,0.005263,0.005263,0.005263,0.005263,0.005263,0.005263,0.319,0.319,0.319,0.319,0.319,0.319,104.585,104.585,104.585,104.585,104.585,104.585,104.585,104.585,104.585,104.585,104.585,104.585,104.585,104.585,104.585,104.585,104.585,104.585,104.585,104.585,104.585,104.585,104.585,104.585,104.585,104.585,104.585,104.585,104.585,104.585,104.585,104.585,104.585,104.585,104.585,104.585,104.585,104.585,104.585,104.585,104.585,104.585,104.585,104.585,104.585,104.585,104.585,104.585,104.585,104.585,104.585,104.585,104.585,104.585,104.585,104.585,,1.000,1.000,0.000,104.585,104.585,0.000,0.005,0.005,0.000,0.000,0.000,0.000,period-based
63,63,bpr,43,23,1.000000,0.556870,0.346097,0.319474,-1,0,,network_wide,-1,0,-1,-1,1,,,0700_0705,1.000,1.000,-1.000,0.000,,24:1;,0.000,0.000,0.000,,,,0.000,0.319,104.585,65.000,1.000,0.005,0.005,1900.000,1900.000,0.000,0.000,0.000,1.000,1.000,10.000,0.955,1.142,0.000,0.000,104.585,88.897,0.400,4.000,104.585,88.897,0.346,0.005,0.346,0.005,0.000,0.000,"LINESTRING (-112.1169370 33.6348590, -112.1173290 33.6398710)",1.000,0.000,0.000,0.000,0.000,0.000,1.000,0.000,0.000,0.000,0.000,0.000,1900.000,2000.000,2000.000,2000.000,2000.000,2000.000,0.005263,0.005263,0.005263,0.005263,0.005263,0.005263,0.319,0.319,0.319,0.319,0.319,0.319,104.585,104.585,104.585,104.585,104.585,104.585,104.585,104.585,104.585,104.585,104.585,104.585,104.585,104.585,104.585,104.585,104.585,104.585,104.585,104.585,104.585,104.585,104.585,104.585,104.585,104.585,104.585,104.585,104.585,104.585,104.585,104.585,104.585,104.585,104.585,104.585,104.585,104.585,104.585,104.585,104.585,104.585,104.585,104.585,104.585,104.585,104.585,104.585,104.585,104.585,104.585,104.585,104.585,104.585,104.585,104.585,,1.000,1.000,0.000,104.585,104.585,0.000,0.005,0.005,0.000,0.000,0.000,0.000,period-based
64,64,bpr,11,44,1.000000,3.751730,2.331715,2.152353,-1,0,,network_wide,-1,0,-1,-1,1,,,0700_0705,0.000,0.000,-1.000,0.000,,,0.000,0.000,0.000,,,,0.000,2.152,104.585,65.000,1.000,0.000,0.000,1900.000,1900.000,0.000,0.000,0.000,1.000,1.000,0.000,0.955,1.142,0.000,0.000,104.585,88.897,0.400,4.000,104.585,88.897,0.000,0.000,0.000,0.000,0.000,-0.000,"LINESTRING (-112.0461960 33.6685660, -112.0057270 33.6687410)",0.000,0.000,0.000,0.000,0.000,0.000,0.000,0.000,0.000,0.000,0.000,0.000,1900.000,2000.000,2000.000,2000.000,2000.000,2000.000,0.000000,0.000000,0.000000,0.000000,0.000000,0.000000,2.152,2.152,2.152,2.152,2.152,2.152,104.585,104.585,104.585,104.585,104.585,104.585,104.585,104.585,104.585,104.585,104.585,104.585,104.585,104.585,104.585,104.585,104.585,104.585,104.585,104.585,104.585,104.585,104.585,104.585,104.585,104.585,104.585,104.585,104.585,104.585,104.585,104.585,104.585,104.585,104.585,104.585,104.585,104.585,104.585,104.585,104.585,104.585,104.585,104.585,104.585,104.585,104.585,104.585,104.585,104.585,104.585,104.585,104.585,104.585,104.585,104.585,,0.000,0.000,0.000,104.585,104.585,0.000,0.000,0.000,0.000,0.000,0.000,0.000,period-based
65,65,bpr,44,11,1.000000,3.751720,2.331709,2.152347,-1,0,,network_wide,-1,0,-1,-1,1,,,0700_0705,0.000,0.000,-1.000,0.000,,,0.000,0.000,0.000,,,,0.000,2.152,104.585,65.000,1.000,0.000,0.000,1900.000,1900.000,0.000,0.000,0.000,1.000,1.000,0.000,0.955,1.142,0.000,0.000,104.585,88.897,0.400,4.000,104.585,88.897,0.000,0.000,0.000,0.000,0.000,-0.000,"LINESTRING (-112.0057270 33.6687640, -112.0461960 33.6685890)",0.000,0.000,0.000,0.000,0.000,0.000,0.000,0.000,0.000,0.000,0.000,0.000,1900.000,2000.000,2000.000,2000.000,2000.000,2000.000,0.000000,0.000000,0.000000,0.000000,0.000000,0.000000,2.152,2.152,2.152,2.152,2.152,2.152,104.585,104.585,104.585,104.585,104.585,104.585,104.585,104.585,104.585,104.585,104.585,104.585,104.585,104.585,104.585,104.585,104.585,104.585,104.585,104.585,104.585,104.585,104.585,104.585,104.585,104.585,104.585,104.585,104.585,104.585,104.585,104.585,104.585,104.585,104.585,104.585,104.585,104.585,104.585,104.585,104.585,104.585,104.585,104.585,104.585,104.585,104.585,104.585,104.585,104.585,104.585,104.585,104.585,104.585,104.585,104.585,,0.000,0.000,0.000,104.585,104.585,0.000,0.000,0.000,0.000,0.000,0.000,0.000,period-based
66,66,bpr,44,45,1.000000,3.895360,2.420982,2.234753,-1,0,,network_wide,-1,0,-1,-1,1,,,0700_0705,0.000,0.000,-1.000,0.000,,,0.000,0.000,0.000,,,,0.000,2.235,104.585,65.000,1.000,0.000,0.000,1900.000,1900.000,0.000,0.000,0.000,1.000,1.000,0.000,0.955,1.142,0.000,0.000,104.585,88.897,0.400,4.000,104.585,88.897,0.000,0.000,0.000,0.000,0.000,-0.000,"LINESTRING (-112.0057270 33.6687410, -111.9637300 33.6676120)",0.000,0.000,0.000,0.000,0.000,0.000,0.000,0.000,0.000,0.000,0.000,0.000,1900.000,2000.000,2000.000,2000.000,2000.000,2000.000,0.000000,0.000000,0.000000,0.000000,0.000000,0.000000,2.235,2.235,2.235,2.235,2.235,2.235,104.585,104.585,104.585,104.585,104.585,104.585,104.585,104.585,104.585,104.585,104.585,104.585,104.585,104.585,104.585,104.585,104.585,104.585,104.585,104.585,104.585,104.585,104.585,104.585,104.585,104.585,104.585,104.585,104.585,104.585,104.585,104.585,104.585,104.585,104.585,104.585,104.585,104.585,104.585,104.585,104.585,104.585,104.585,104.585,104.585,104.585,104.585,104.585,104.585,104.585,104.585,104.585,104.585,104.585,104.585,104.585,,0.000,0.000,0.000,104.585,104.585,0.000,0.000,0.000,0.000,0.000,0.000,0.000,period-based
67,67,bpr,45,44,1.000000,3.895370,2.420988,2.234758,-1,0,,network_wide,-1,0,-1,-1,1,,,0700_0705,0.000,0.000,-1.000,0.000,,,0.000,0.000,0.000,,,,0.000,2.235,104.585,65.000,1.000,0.000,0.000,1900.000,1900.000,0.000,0.000,0.000,1.000,1.000,0.000,0.955,1.142,0.000,0.000,104.585,88.897,0.400,4.000,104.585,88.897,0.000,0.000,0.000,0.000,0.000,-0.000,"LINESTRING (-111.9637300 33.6676350, -112.0057270 33.6687640)",0.000,0.000,0.000,0.000,0.000,0.000,0.000,0.000,0.000,0.000,0.000,0.000,1900.000,2000.000,2000.000,2000.000,2000.000,2000.000,0.000000,0.000000,0.000000,0.000000,0.000000,0.000000,2.235,2.235,2.235,2.235,2.235,2.235,104.585,104.585,104.585,104.585,104.585,104.585,104.585,104.585,104.585,104.585,104.585,104.585,104.585,104.585,104.585,104.585,104.585,104.585,104.585,104.585,104.585,104.585,104.585,104.585,104.585,104.585,104.585,104.585,104.585,104.585,104.585,104.585,104.585,104.585,104.585,104.585,104.585,104.585,104.585,104.585,104.585,104.585,104.585,104.585,104.585,104.585,104.585,104.585,104.585,104.585,104.585,104.585,104.585,104.585,104.585,104.585,,0.000,0.000,0.000,104.585,104.585,0.000,0.000,0.000,0.000,0.000,0.000,0.000,period-based
68,68,bpr,45,46,1.000000,2.908970,1.807937,1.668865,-1,0,,network_wide,-1,0,-1,-1,1,,,0700_0705,0.000,0.000,-1.000,0.000,,,0.000,0.000,0.000,,,,0.000,1.669,104.585,65.000,1.000,0.000,0.000,1900.000,1900.000,0.000,0.000,0.000,1.000,1.000,0.000,0.955,1.142,0.000,0.000,104.585,88.897,0.400,4.000,104.585,88.897,0.000,0.000,0.000,0.000,0.000,-0.000,"LINESTRING (-111.9637320 33.6676120, -111.9328960 33.6627590)",0.000,0.000,0.000,0.000,0.000,0.000,0.000,0.000,0.000,0.000,0.000,0.000,1900.000,2000.000,2000.000,2000.000,2000.000,2000.000,0.000000,0.000000,0.000000,0.000000,0.000000,0.000000,1.669,1.669,1.669,1.669,1.669,1.669,104.585,104.585,104.585,104.585,104.585,104.585,104.585,104.585,104.585,104.585,104.585,104.585,104.585,104.585,104.585,104.585,104.585,104.585,104.585,104.585,104.585,104.585,104.585,104.585,104.585,104.585,104.585,104.585,104.585,104.585,104.585,104.585,104.585,104.585,104.585,104.585,104.585,104.585,104.585,104.585,104.585,104.585,104.585,104.585,104.585,104.585,104.585,104.585,104.585,104.585,104.585,104.585,104.585,104.585,104.585,104.585,,0.000,0.000,0.000,104.585,104.585,0.000,0.000,0.000,0.000,0.000,0.000,0.000,period-based
69,69,bpr,46,45,1.000000,2.908960,1.807930,1.668859,-1,0,,network_wide,-1,0,-1,-1,1,,,0700_0705,0.000,0.000,-1.000,0.000,,,0.000,0.000,0.000,,,,0.000,1.669,104.585,65.000,1.000,0.000,0.000,1900.000,1900.000,0.000,0.000,0.000,1.000,1.000,0.000,0.955,1.142,0.000,0.000,104.585,88.897,0.400,4.000,104.585,88.897,0.000,0.000,0.000,0.000,0.000,-0.000,"LINESTRING (-111.9328920 33.6627820, -111.9637280 33.6676350)",0.000,0.000,0.000,0.000,0.000,0.000,0.000,0.000,0.000,0.000,0.000,0.000,1900.000,2000.000,2000.000,2000.000,2000.000,2000.000,0.000000,0.000000,0.000000,0.000000,0.000000,0.000000,1.669,1.669,1.669,1.669,1.669,1.669,104.585,104.585,104.585,104.585,104.585,104.585,104.585,104.585,104.585,104.585,104.585,104.585,104.585,104.585,104.585,104.585,104.585,104.585,104.585,104.585,104.585,104.585,104.585,104.585,104.585,104.585,104.585,104.585,104.585,104.585,104.585,104.585,104.585,104.585,104.585,104.585,104.585,104.585,104.585,104.585,104.585,104.585,104.585,104.585,104.585,104.585,104.585,104.585,104.585,104.585,104.585,104.585,104.585,104.585,104.585,104.585,,0.000,0.000,0.000,104.585,104.585,0.000,0.000,0.000,0.000,0.000,0.000,0.000,period-based
70,70,bpr,2,47,1.000000,2.540600,1.578993,1.457532,-1,0,,network_wide,-1,0,-1,-1,1,,,0700_0705,0.000,0.000,-1.000,0.000,,,0.000,0.000,0.000,,,,0.000,1.458,104.585,65.000,1.000,0.000,0.000,1900.000,1900.000,0.000,0.000,0.000,1.000,1.000,0.000,0.955,1.142,0.000,0.000,104.585,88.897,0.400,4.000,104.585,88.897,0.000,0.000,0.000,0.000,0.000,-0.000,"LINESTRING (-112.0298670 33.6552750, -112.0024700 33.6548840)",0.000,0.000,0.000,0.000,0.000,0.000,0.000,0.000,0.000,0.000,0.000,0.000,1900.000,2000.000,2000.000,2000.000,2000.000,2000.000,0.000000,0.000000,0.000000,0.000000,0.000000,0.000000,1.458,1.458,1.458,1.458,1.458,1.458,104.585,104.585,104.585,104.585,104.585,104.585,104.585,104.585,104.585,104.585,104.585,104.585,104.585,104.585,104.585,104.585,104.585,104.585,104.585,104.585,104.585,104.585,104.585,104.585,104.585,104.585,104.585,104.585,104.585,104.585,104.585,104.585,104.585,104.585,104.585,104.585,104.585,104.585,104.585,104.585,104.585,104.585,104.585,104.585,104.585,104.585,104.585,104.585,104.585,104.585,104.585,104.585,104.585,104.585,104.585,104.585,,0.000,0.000,0.000,104.585,104.585,0.000,0.000,0.000,0.000,0.000,0.000,0.000,period-based
71,71,bpr,47,2,1.000000,2.540600,1.578993,1.457532,-1,0,,network_wide,-1,0,-1,-1,1,,,0700_0705,0.000,0.000,-1.000,0.000,,,0.000,0.000,0.000,,,,0.000,1.458,104.585,65.000,1.000,0.000,0.000,1900.000,1900.000,0.000,0.000,0.000,1.000,1.000,0.000,0.955,1.142,0.000,0.000,104.585,88.897,0.400,4.000,104.585,88.897,0.000,0.000,0.000,0.000,0.000,-0.000,"LINESTRING (-112.0024700 33.6549070, -112.0298670 33.6552980)",0.000,0.000,0.000,0.000,0.000,0.000,0.000,0.000,0.000,0.000,0.000,0.000,1900.000,2000.000,2000.000,2000.000,2000.000,2000.000,0.000000,0.000000,0.000000,0.000000,0.000000,0.000000,1.458,1.458,1.458,1.458,1.458,1.458,104.585,104.585,104.585,104.585,104.585,104.585,104.585,104.585,104.585,104.585,104.585,104.585,104.585,104.585,104.585,104.585,104.585,104.585,104.585,104.585,104.585,104.585,104.585,104.585,104.585,104.585,104.585,104.585,104.585,104.585,104.585,104.585,104.585,104.585,104.585,104.585,104.585,104.585,104.585,104.585,104.585,104.585,104.585,104.585,104.585,104.585,104.585,104.585,104.585,104.585,104.585,104.585,104.585,104.585,104.585,104.585,,0.000,0.000,0.000,104.585,104.585,0.000,0.000,0.000,0.000,0.000,0.000,0.000,period-based
72,72,bpr,47,48,1.000000,3.550400,2.206588,2.036850,-1,0,,network_wide,-1,0,-1,-1,1,,,0700_0705,0.000,0.000,-1.000,0.000,,,0.000,0.000,0.000,,,,0.000,2.037,104.585,65.000,1.000,0.000,0.000,1900.000,1900.000,0.000,0.000,0.000,1.000,1.000,0.000,0.955,1.142,0.000,0.000,104.585,88.897,0.400,4.000,104.585,88.897,0.000,0.000,0.000,0.000,0.000,-0.000,"LINESTRING (-112.0024700 33.6548840, -111.9642080 33.6536280)",0.000,0.000,0.000,0.000,0.000,0.000,0.000,0.000,0.000,0.000,0.000,0.000,1900.000,2000.000,2000.000,2000.000,2000.000,2000.000,0.000000,0.000000,0.000000,0.000000,0.000000,0.000000,2.037,2.037,2.037,2.037,2.037,2.037,104.585,104.585,104.585,104.585,104.585,104.585,104.585,104.585,104.585,104.585,104.585,104.585,104.585,104.585,104.585,104.585,104.585,104.585,104.585,104.585,104.585,104.585,104.585,104.585,104.585,104.585,104.585,104.585,104.585,104.585,104.585,104.585,104.585,104.585,104.585,104.585,104.585,104.585,104.585,104.585,104.585,104.585,104.585,104.585,104.585,104.585,104.585,104.585,104.585,104.585,104.585,104.585,104.585,104.585,104.585,104.585,,0.000,0.000,0.000,104.585,104.585,0.000,0.000,0.000,0.000,0.000,0.000,0.000,period-based
73,73,bpr,48,47,1.000000,3.550490,2.206644,2.036902,-1,0,,network_wide,-1,0,-1,-1,1,,,0700_0705,0.000,0.000,-1.000,0.000,,,0.000,0.000,0.000,,,,0.000,2.037,104.585,65.000,1.000,0.000,0.000,1900.000,1900.000,0.000,0.000,0.000,1.000,1.000,0.000,0.955,1.142,0.000,0.000,104.585,88.897,0.400,4.000,104.585,88.897,0.000,0.000,0.000,0.000,0.000,-0.000,"LINESTRING (-111.9642070 33.6536510, -112.0024700 33.6549070)",0.000,0.000,0.000,0.000,0.000,0.000,0.000,0.000,0.000,0.000,0.000,0.000,1900.000,2000.000,2000.000,2000.000,2000.000,2000.000,0.000000,0.000000,0.000000,0.000000,0.000000,0.000000,2.037,2.037,2.037,2.037,2.037,2.037,104.585,104.585,104.585,104.585,104.585,104.585,104.585,104.585,104.585,104.585,104.585,104.585,104.585,104.585,104.585,104.585,104.585,104.585,104.585,104.585,104.585,104.585,104.585,104.585,104.585,104.585,104.585,104.585,104.585,104.585,104.585,104.585,104.585,104.585,104.585,104.585,104.585,104.585,104.585,104.585,104.585,104.585,104.585,104.585,104.585,104.585,104.585,104.585,104.585,104.585,104.585,104.585,104.585,104.585,104.585,104.585,,0.000,0.000,0.000,104.585,104.585,0.000,0.000,0.000,0.000,0.000,0.000,0.000,period-based
74,74,bpr,48,49,1.000000,3.199560,1.988539,1.835575,-1,0,,network_wide,-1,0,-1,-1,1,,,0700_0705,0.000,0.000,-1.000,0.000,,,0.000,0.000,0.000,,,,0.000,1.836,104.585,65.000,1.000,0.000,0.000,1900.000,1900.000,0.000,0.000,0.000,1.000,1.000,0.000,0.955,1.142,0.000,0.000,104.585,88.897,0.400,4.000,104.585,88.897,0.000,0.000,0.000,0.000,0.000,-0.000,"LINESTRING (-111.9642070 33.6536280, -111.9297020 33.6539670)",0.000,0.000,0.000,0.000,0.000,0.000,0.000,0.000,0.000,0.000,0.000,0.000,1900.000,2000.000,2000.000,2000.000,2000.000,2000.000,0.000000,0.000000,0.000000,0.000000,0.000000,0.000000,1.836,1.836,1.836,1.836,1.836,1.836,104.585,104.585,104.585,104.585,104.585,104.585,104.585,104.585,104.585,104.585,104.585,104.585,104.585,104.585,104.585,104.585,104.585,104.585,104.585,104.585,104.585,104.585,104.585,104.585,104.585,104.585,104.585,104.585,104.585,104.585,104.585,104.585,104.585,104.585,104.585,104.585,104.585,104.585,104.585,104.585,104.585,104.585,104.585,104.585,104.585,104.585,104.585,104.585,104.585,104.585,104.585,104.585,104.585,104.585,104.585,104.585,,0.000,0.000,0.000,104.585,104.585,0.000,0.000,0.000,0.000,0.000,0.000,0.000,period-based
75,75,bpr,49,48,1.000000,3.199650,1.988595,1.835627,-1,0,,network_wide,-1,0,-1,-1,1,,,0700_0705,0.000,0.000,-1.000,0.000,,,0.000,0.000,0.000,,,,0.000,1.836,104.585,65.000,1.000,0.000,0.000,1900.000,1900.000,0.000,0.000,0.000,1.000,1.000,0.000,0.955,1.142,0.000,0.000,104.585,88.897,0.400,4.000,104.585,88.897,0.000,0.000,0.000,0.000,0.000,-0.000,"LINESTRING (-111.9297020 33.6539900, -111.9642080 33.6536510)",0.000,0.000,0.000,0.000,0.000,0.000,0.000,0.000,0.000,0.000,0.000,0.000,1900.000,2000.000,2000.000,2000.000,2000.000,2000.000,0.000000,0.000000,0.000000,0.000000,0.000000,0.000000,1.836,1.836,1.836,1.836,1.836,1.836,104.585,104.585,104.585,104.585,104.585,104.585,104.585,104.585,104.585,104.585,104.585,104.585,104.585,104.585,104.585,104.585,104.585,104.585,104.585,104.585,104.585,104.585,104.585,104.585,104.585,104.585,104.585,104.585,104.585,104.585,104.585,104.585,104.585,104.585,104.585,104.585,104.585,104.585,104.585,104.585,104.585,104.585,104.585,104.585,104.585,104.585,104.585,104.585,104.585,104.585,104.585,104.585,104.585,104.585,104.585,104.585,,0.000,0.000,0.000,104.585,104.585,0.000,0.000,0.000,0.000,0.000,0.000,0.000,period-based
76,76,bpr,44,47,1.000000,1.565760,0.973126,0.898270,-1,0,,network_wide,-1,0,-1,-1,1,,,0700_0705,0.000,0.000,-1.000,0.000,,,0.000,0.000,0.000,,,,0.000,0.898,104.585,65.000,1.000,0.000,0.000,1900.000,1900.000,0.000,0.000,0.000,1.000,1.000,0.000,0.955,1.142,0.000,0.000,104.585,88.897,0.400,4.000,104.585,88.897,0.000,0.000,0.000,0.000,0.000,-0.000,"LINESTRING (-112.0057380 33.6687500, -112.0024800 33.6548930)",0.000,0.000,0.000,0.000,0.000,0.000,0.000,0.000,0.000,0.000,0.000,0.000,1900.000,2000.000,2000.000,2000.000,2000.000,2000.000,0.000000,0.000000,0.000000,0.000000,0.000000,0.000000,0.898,0.898,0.898,0.898,0.898,0.898,104.585,104.585,104.585,104.585,104.585,104.585,104.585,104.585,104.585,104.585,104.585,104.585,104.585,104.585,104.585,104.585,104.585,104.585,104.585,104.585,104.585,104.585,104.585,104.585,104.585,104.585,104.585,104.585,104.585,104.585,104.585,104.585,104.585,104.585,104.585,104.585,104.585,104.585,104.585,104.585,104.585,104.585,104.585,104.585,104.585,104.585,104.585,104.585,104.585,104.585,104.585,104.585,104.585,104.585,104.585,104.585,,0.000,0.000,0.000,104.585,104.585,0.000,0.000,0.000,0.000,0.000,0.000,0.000,period-based
77,77,bpr,47,44,1.000000,1.565740,0.973114,0.898259,-1,0,,network_wide,-1,0,-1,-1,1,,,0700_0705,0.000,0.000,-1.000,0.000,,,0.000,0.000,0.000,,,,0.000,0.898,104.585,65.000,1.000,0.000,0.000,1900.000,1900.000,0.000,0.000,0.000,1.000,1.000,0.000,0.955,1.142,0.000,0.000,104.585,88.897,0.400,4.000,104.585,88.897,0.000,0.000,0.000,0.000,0.000,-0.000,"LINESTRING (-112.0024600 33.6548970, -112.0057170 33.6687540)",0.000,0.000,0.000,0.000,0.000,0.000,0.000,0.000,0.000,0.000,0.000,0.000,1900.000,2000.000,2000.000,2000.000,2000.000,2000.000,0.000000,0.000000,0.000000,0.000000,0.000000,0.000000,0.898,0.898,0.898,0.898,0.898,0.898,104.585,104.585,104.585,104.585,104.585,104.585,104.585,104.585,104.585,104.585,104.585,104.585,104.585,104.585,104.585,104.585,104.585,104.585,104.585,104.585,104.585,104.585,104.585,104.585,104.585,104.585,104.585,104.585,104.585,104.585,104.585,104.585,104.585,104.585,104.585,104.585,104.585,104.585,104.585,104.585,104.585,104.585,104.585,104.585,104.585,104.585,104.585,104.585,104.585,104.585,104.585,104.585,104.585,104.585,104.585,104.585,,0.000,0.000,0.000,104.585,104.585,0.000,0.000,0.000,0.000,0.000,0.000,0.000,period-based
78,78,bpr,47,50,1.000000,1.741490,1.082343,0.999086,-1,0,,network_wide,-1,0,-1,-1,1,,,0700_0705,0.000,0.000,-1.000,0.000,,,0.000,0.000,0.000,,,,0.000,0.999,104.585,65.000,1.000,0.000,0.000,1900.000,1900.000,0.000,0.000,0.000,1.000,1.000,0.000,0.955,1.142,0.000,0.000,104.585,88.897,0.400,4.000,104.585,88.897,0.000,0.000,0.000,0.000,0.000,-0.000,"LINESTRING (-112.0024810 33.6548950, -112.0018380 33.6391970)",0.000,0.000,0.000,0.000,0.000,0.000,0.000,0.000,0.000,0.000,0.000,0.000,1900.000,2000.000,2000.000,2000.000,2000.000,2000.000,0.000000,0.000000,0.000000,0.000000,0.000000,0.000000,0.999,0.999,0.999,0.999,0.999,0.999,104.585,104.585,104.585,104.585,104.585,104.585,104.585,104.585,104.585,104.585,104.585,104.585,104.585,104.585,104.585,104.585,104.585,104.585,104.585,104.585,104.585,104.585,104.585,104.585,104.585,104.585,104.585,104.585,104.585,104.585,104.585,104.585,104.585,104.585,104.585,104.585,104.585,104.585,104.585,104.585,104.585,104.585,104.585,104.585,104.585,104.585,104.585,104.585,104.585,104.585,104.585,104.585,104.585,104.585,104.585,104.585,,0.000,0.000,0.000,104.585,104.585,0.000,0.000,0.000,0.000,0.000,0.000,0.000,period-based
79,79,bpr,50,47,1.000000,1.741490,1.082343,0.999086,-1,0,,network_wide,-1,0,-1,-1,1,,,0700_0705,0.000,0.000,-1.000,0.000,,,0.000,0.000,0.000,,,,0.000,0.999,104.585,65.000,1.000,0.000,0.000,1900.000,1900.000,0.000,0.000,0.000,1.000,1.000,0.000,0.955,1.142,0.000,0.000,104.585,88.897,0.400,4.000,104.585,88.897,0.000,0.000,0.000,0.000,0.000,-0.000,"LINESTRING (-112.0018150 33.6391970, -112.0024590 33.6548950)",0.000,0.000,0.000,0.000,0.000,0.000,0.000,0.000,0.000,0.000,0.000,0.000,1900.000,2000.000,2000.000,2000.000,2000.000,2000.000,0.000000,0.000000,0.000000,0.000000,0.000000,0.000000,0.999,0.999,0.999,0.999,0.999,0.999,104.585,104.585,104.585,104.585,104.585,104.585,104.585,104.585,104.585,104.585,104.585,104.585,104.585,104.585,104.585,104.585,104.585,104.585,104.585,104.585,104.585,104.585,104.585,104.585,104.585,104.585,104.585,104.585,104.585,104.585,104.585,104.585,104.585,104.585,104.585,104.585,104.585,104.585,104.585,104.585,104.585,104.585,104.585,104.585,104.585,104.585,104.585,104.585,104.585,104.585,104.585,104.585,104.585,104.585,104.585,104.585,,0.000,0.000,0.000,104.585,104.585,0.000,0.000,0.000,0.000,0.000,0.000,0.000,period-based
