link_seq_id,link_id,link_type,from_node_id,to_node_id,geometry,distance_km,distance_mile,fftt,meso_link_id,tmc,tmc_corridor_name,tmc_corridor_id,tmc_road_order,tmc_road_sequence,subarea_id,lanes_s0,link_type_s0,Vam_2025_auto,Vam_2025_hov2,Vam_2025_hov3,Vam_2025_trk,Vam_2025_com,Vam_2025_apv,VAB_am_2025_auto,VAB_am_2025_hov2,VAB_am_2025_hov3,VAB_am_2025_trk,VAB_am_2025_com,VAB_am_2025_apv,VBA_am_2025_auto,VBA_am_2025_hov2,VBA_am_2025_hov3,VBA_am_2025_trk,VBA_am_2025_com,VBA_am_2025_apv,MEUVABam2025auto,capABam2025auto,PENABam2025auto,DOCABam2025auto,TTABam_2025_auto,MEUVABam2025hov2,capABam2025hov2,PENABam2025hov2,DOCABam2025hov2,TTABam_2025_hov2,MEUVABam2025hov3,capABam2025hov3,PENABam2025hov3,DOCABam2025hov3,TTABam_2025_hov3,MEUVABam2025trk,capABam2025trk,PENABam2025trk,DOCABam2025trk,TTABam_2025_trk,MEUVABam2025com,capABam2025com,PENABam2025com,DOCABam2025com,TTABam_2025_com,MEUVABam2025apv,capABam2025apv,PENABam2025apv,DOCABam2025apv,TTABam_2025_apv,MEUVBAam2025auto,capBAam2025auto,PENBAam2025auto,DOCBAam2025auto,TTBAam_2025_auto,MEUVBAam2025hov2,capBAam2025hov2,PENBAam2025hov2,DOCBAam2025hov2,TTBAam_2025_hov2,MEUVBAam2025hov3,capBAam2025hov3,PENBAam2025hov3,DOCBAam2025hov3,TTBAam_2025_hov3,MEUVBAam2025trk,capBAam2025trk,PENBAam2025trk,DOCBAam2025trk,TTBAam_2025_trk,MEUVBAam2025com,capBAam2025com,PENBAam2025com,DOCBAam2025com,TTBAam_2025_com,MEUVBAam2025apv,capBAam2025apv,PENBAam2025apv,DOCBAam2025apv,TTBAam_2025_apv,
1,1,motorway,1,3,"LINESTRING (-112.2164130 33.6539270, -112.2031120 33.6675560)",1.950400,1.212181,1.212181,-1,,network_wide,-1,0,-1,-1,3.0,motorway,73.0,0.0,0.0,0.0,0.0,0.0,73.0,0.0,0.0,0.0,0.0,0.0,,,,,,,73.0,5700.0,0.0,0.1281,1.212,0.0,6000.0,0.0,0.1281,1.212,0.0,6000.0,0.0,0.1281,1.212,0.0,6000.0,0.0,0.1281,1.212,0.0,6000.0,0.0,0.1281,1.212,0.0,6000.0,0.0,0.1281,1.212,,,,,,,,,,,,,,,,,,,,,,,,,
2,2,motorway,3,4,"LINESTRING (-112.2031120 33.6675560, -112.1827040 33.6676370)",1.891960,1.175861,1.175861,-1,,network_wide,-1,0,-1,-1,3.0,motorway,73.0,0.0,0.0,0.0,0.0,0.0,73.0,0.0,0.0,0.0,0.0,0.0,,,,,,,73.0,5400.0,0.0,0.1352,1.176,0.0,6000.0,0.0,0.1352,1.176,0.0,6000.0,0.0,0.1352,1.176,0.0,6000.0,0.0,0.1352,1.176,0.0,6000.0,0.0,0.1352,1.176,0.0,6000.0,0.0,0.1352,1.176,,,,,,,,,,,,,,,,,,,,,,,,,
3,3,motorway,4,5,"LINESTRING (-112.1827040 33.6676370, -112.1631160 33.6677720)",1.815980,1.128639,1.128639,-1,,network_wide,-1,0,-1,-1,3.0,motorway,73.0,0.0,0.0,0.0,0.0,0.0,73.0,0.0,0.0,0.0,0.0,0.0,,,,,,,73.0,5400.0,0.0,0.1352,1.129,0.0,6000.0,0.0,0.1352,1.129,0.0,6000.0,0.0,0.1352,1.129,0.0,6000.0,0.0,0.1352,1.129,0.0,6000.0,0.0,0.1352,1.129,0.0,6000.0,0.0,0.1352,1.129,,,,,,,,,,,,,,,,,,,,,,,,,
4,4,motorway,5,6,"LINESTRING (-112.1631160 33.6677720, -112.1407010 33.6679260)",2.078070,1.291529,1.291529,-1,,network_wide,-1,0,-1,-1,3.0,motorway,73.0,0.0,0.0,0.0,0.0,0.0,73.0,0.0,0.0,0.0,0.0,0.0,,,,,,,73.0,5400.0,0.0,0.1352,1.292,0.0,6000.0,0.0,0.1352,1.292,0.0,6000.0,0.0,0.1352,1.292,0.0,6000.0,0.0,0.1352,1.292,0.0,6000.0,0.0,0.1352,1.292,0.0,6000.0,0.0,0.1352,1.292,,,,,,,,,,,,,,,,,,,,,,,,,
5,5,motorway,6,7,"LINESTRING (-112.1407010 33.6679260, -112.1203060 33.6680670)",1.890790,1.175134,1.175134,-1,,network_wide,-1,0,-1,-1,3.0,motorway,73.0,0.0,0.0,0.0,0.0,0.0,73.0,0.0,0.0,0.0,0.0,0.0,,,,,,,73.0,5400.0,0.0,0.1352,1.175,0.0,6000.0,0.0,0.1352,1.175,0.0,6000.0,0.0,0.1352,1.175,0.0,6000.0,0.0,0.1352,1.175,0.0,6000.0,0.0,0.1352,1.175,0.0,6000.0,0.0,0.1352,1.175,,,,,,,,,,,,,,,,,,,,,,,,,
6,6,motorway,7,8,"LINESTRING (-112.1203060 33.6680670, -112.0980930 33.6682200)",2.059340,1.279888,1.279888,-1,,network_wide,-1,0,-1,-1,3.0,motorway,72.0,0.0,0.0,0.0,0.0,0.0,72.0,0.0,0.0,0.0,0.0,0.0,,,,,,,72.0,5400.0,0.0,0.1333,1.280,0.0,6000.0,0.0,0.1333,1.280,0.0,6000.0,0.0,0.1333,1.280,0.0,6000.0,0.0,0.1333,1.280,0.0,6000.0,0.0,0.1333,1.280,0.0,6000.0,0.0,0.1333,1.280,,,,,,,,,,,,,,,,,,,,,,,,,
7,7,motorway,8,9,"LINESTRING (-112.0980930 33.6682200, -112.0797170 33.6683470)",1.703610,1.058800,1.058800,-1,,network_wide,-1,0,-1,-1,3.0,motorway,72.0,0.0,0.0,0.0,0.0,0.0,72.0,0.0,0.0,0.0,0.0,0.0,,,,,,,72.0,5400.0,0.0,0.1333,1.059,0.0,6000.0,0.0,0.1333,1.059,0.0,6000.0,0.0,0.1333,1.059,0.0,6000.0,0.0,0.1333,1.059,0.0,6000.0,0.0,0.1333,1.059,0.0,6000.0,0.0,0.1333,1.059,,,,,,,,,,,,,,,,,,,,,,,,,
8,8,motorway,10,11,"LINESTRING (-112.0623510 33.6684660, -112.0461960 33.6685780)",1.497710,0.930833,0.930833,-1,,network_wide,-1,0,-1,-1,2.0,motorway,72.0,0.0,0.0,0.0,0.0,0.0,72.0,0.0,0.0,0.0,0.0,0.0,,,,,,,72.0,3600.0,0.0,0.2000,0.931,0.0,4000.0,0.0,0.2000,0.931,0.0,4000.0,0.0,0.2000,0.931,0.0,4000.0,0.0,0.2000,0.931,0.0,4000.0,0.0,0.2000,0.931,0.0,4000.0,0.0,0.2000,0.931,,,,,,,,,,,,,,,,,,,,,,,,,
9,9,motorway,11,12,"LINESTRING (-112.0461960 33.6685780, -112.0386420 33.6623000)",0.987380,0.613661,0.613661,-1,,network_wide,-1,0,-1,-1,3.0,motorway,72.0,0.0,0.0,0.0,0.0,0.0,72.0,0.0,0.0,0.0,0.0,0.0,,,,,,,72.0,5400.0,0.0,0.1333,0.614,0.0,6000.0,0.0,0.1333,0.614,0.0,6000.0,0.0,0.1333,0.614,0.0,6000.0,0.0,0.1333,0.614,0.0,6000.0,0.0,0.1333,0.614,0.0,6000.0,0.0,0.1333,0.614,,,,,,,,,,,,,,,,,,,,,,,,,
10,10,motorway,9,10,"LINESTRING (-112.0797170 33.6683470, -112.0623510 33.6684660)",1.609970,1.000603,1.000603,-1,,network_wide,-1,0,-1,-1,2.0,motorway,72.0,0.0,0.0,0.0,0.0,0.0,72.0,0.0,0.0,0.0,0.0,0.0,,,,,,,72.0,3600.0,0.0,0.2000,1.001,0.0,4000.0,0.0,0.2000,1.001,0.0,4000.0,0.0,0.2000,1.001,0.0,4000.0,0.0,0.2000,1.001,0.0,4000.0,0.0,0.2000,1.001,0.0,4000.0,0.0,0.2000,1.001,,,,,,,,,,,,,,,,,,,,,,,,,
11,11,motorway,1,14,"LINESTRING (-112.2164130 33.6539270, -112.2113330 33.6484510)",0.768430,0.477582,0.477582,-1,,network_wide,-1,0,-1,-1,3.0,motorway,0.0,0.0,0.0,0.0,0.0,0.0,0.0,0.0,0.0,0.0,0.0,0.0,,,,,,,0.0,5400.0,0.0,0.0000,0.478,0.0,6000.0,0.0,0.0000,0.478,0.0,6000.0,0.0,0.0000,0.478,0.0,6000.0,0.0,0.0000,0.478,0.0,6000.0,0.0,0.0000,0.478,0.0,6000.0,0.0,0.0000,0.478,,,,,,,,,,,,,,,,,,,,,,,,,
12,12,motorway,14,15,"LINESTRING (-112.2113330 33.6484510, -112.2070350 33.6440130)",0.633210,0.393543,0.393543,-1,,network_wide,-1,0,-1,-1,3.0,motorway,0.0,0.0,0.0,0.0,0.0,0.0,0.0,0.0,0.0,0.0,0.0,0.0,,,,,,,0.0,5400.0,0.0,0.0000,0.394,0.0,6000.0,0.0,0.0000,0.394,0.0,6000.0,0.0,0.0000,0.394,0.0,6000.0,0.0,0.0000,0.394,0.0,6000.0,0.0,0.0000,0.394,0.0,6000.0,0.0,0.0000,0.394,,,,,,,,,,,,,,,,,,,,,,,,,
13,13,motorway,15,16,"LINESTRING (-112.2070350 33.6440130, -112.2023290 33.6392980)",0.680980,0.423232,0.423232,-1,,network_wide,-1,0,-1,-1,3.0,motorway,0.0,0.0,0.0,0.0,0.0,0.0,0.0,0.0,0.0,0.0,0.0,0.0,,,,,,,0.0,5400.0,0.0,0.0000,0.423,0.0,6000.0,0.0,0.0000,0.423,0.0,6000.0,0.0,0.0000,0.423,0.0,6000.0,0.0,0.0000,0.423,0.0,6000.0,0.0,0.0000,0.423,0.0,6000.0,0.0,0.0000,0.423,,,,,,,,,,,,,,,,,,,,,,,,,
14,14,motorway,16,17,"LINESTRING (-112.2023290 33.6392980, -112.1908180 33.6393780)",1.067520,0.663468,0.663468,-1,,network_wide,-1,0,-1,-1,3.0,motorway,0.0,0.0,0.0,0.0,0.0,0.0,0.0,0.0,0.0,0.0,0.0,0.0,,,,,,,0.0,5400.0,0.0,0.0000,0.663,0.0,6000.0,0.0,0.0000,0.663,0.0,6000.0,0.0,0.0000,0.663,0.0,6000.0,0.0,0.0000,0.663,0.0,6000.0,0.0,0.0000,0.663,0.0,6000.0,0.0,0.0000,0.663,,,,,,,,,,,,,,,,,,,,,,,,,
15,15,motorway,17,18,"LINESTRING (-112.1908180 33.6393780, -112.1799140 33.6394530)",1.011240,0.628490,0.628490,-1,,network_wide,-1,0,-1,-1,3.0,motorway,0.0,0.0,0.0,0.0,0.0,0.0,0.0,0.0,0.0,0.0,0.0,0.0,,,,,,,0.0,5400.0,0.0,0.0000,0.628,0.0,6000.0,0.0,0.0000,0.628,0.0,6000.0,0.0,0.0000,0.628,0.0,6000.0,0.0,0.0000,0.628,0.0,6000.0,0.0,0.0000,0.628,0.0,6000.0,0.0,0.0000,0.628,,,,,,,,,,,,,,,,,,,,,,,,,
16,16,motorway,18,19,"LINESTRING (-112.1799140 33.6394530, -112.1682020 33.6395340)",1.086160,0.675053,0.675053,-1,,network_wide,-1,0,-1,-1,3.0,motorway,0.0,0.0,0.0,0.0,0.0,0.0,0.0,0.0,0.0,0.0,0.0,0.0,,,,,,,0.0,5400.0,0.0,0.0000,0.675,0.0,6000.0,0.0,0.0000,0.675,0.0,6000.0,0.0,0.0000,0.675,0.0,6000.0,0.0,0.0000,0.675,0.0,6000.0,0.0,0.0000,0.675,0.0,6000.0,0.0,0.0000,0.675,,,,,,,,,,,,,,,,,,,,,,,,,
17,17,motorway,19,20,"LINESTRING (-112.1682020 33.6395340, -112.1552780 33.6396230)",1.198560,0.744910,0.744910,-1,,network_wide,-1,0,-1,-1,3.0,motorway,0.0,0.0,0.0,0.0,0.0,0.0,0.0,0.0,0.0,0.0,0.0,0.0,,,,,,,0.0,5400.0,0.0,0.0000,0.745,0.0,6000.0,0.0,0.0000,0.745,0.0,6000.0,0.0,0.0000,0.745,0.0,6000.0,0.0,0.0000,0.745,0.0,6000.0,0.0,0.0000,0.745,0.0,6000.0,0.0,0.0000,0.745,,,,,,,,,,,,,,,,,,,,,,,,,
18,18,motorway,20,21,"LINESTRING (-112.1552780 33.6396230, -112.1431620 33.6397060)",1.123630,0.698341,0.698341,-1,,network_wide,-1,0,-1,-1,3.0,motorway,0.0,0.0,0.0,0.0,0.0,0.0,0.0,0.0,0.0,0.0,0.0,0.0,,,,,,,0.0,5400.0,0.0,0.0000,0.698,0.0,6000.0,0.0,0.0000,0.698,0.0,6000.0,0.0,0.0000,0.698,0.0,6000.0,0.0,0.0000,0.698,0.0,6000.0,0.0,0.0000,0.698,0.0,6000.0,0.0,0.0000,0.698,,,,,,,,,,,,,,,,,,,,,,,,,
19,19,motorway,21,22,"LINESTRING (-112.1431620 33.6397060, -112.1288240 33.6398050)",1.329690,0.826408,0.826408,-1,,network_wide,-1,0,-1,-1,3.0,motorway,0.0,0.0,0.0,0.0,0.0,0.0,0.0,0.0,0.0,0.0,0.0,0.0,,,,,,,0.0,5400.0,0.0,0.0000,0.826,0.0,6000.0,0.0,0.0000,0.826,0.0,6000.0,0.0,0.0000,0.826,0.0,6000.0,0.0,0.0000,0.826,0.0,6000.0,0.0,0.0000,0.826,0.0,6000.0,0.0,0.0000,0.826,,,,,,,,,,,,,,,,,,,,,,,,,
20,20,motorway,22,23,"LINESTRING (-112.1288240 33.6398050, -112.1173400 33.6398700)",1.065000,0.661902,0.661902,-1,,network_wide,-1,0,-1,-1,3.0,motorway,0.0,0.0,0.0,0.0,0.0,0.0,0.0,0.0,0.0,0.0,0.0,0.0,,,,,,,0.0,5400.0,0.0,0.0000,0.662,0.0,6000.0,0.0,0.0000,0.662,0.0,6000.0,0.0,0.0000,0.662,0.0,6000.0,0.0,0.0000,0.662,0.0,6000.0,0.0,0.0000,0.662,0.0,6000.0,0.0,0.0000,0.662,,,,,,,,,,,,,,,,,,,,,,,,,
21,21,motorway,23,24,"LINESTRING (-112.1173400 33.6398700, -112.1025730 33.6399860)",1.369480,0.851137,0.851137,-1,,network_wide,-1,0,-1,-1,3.0,motorway,1.0,0.0,0.0,0.0,0.0,0.0,1.0,0.0,0.0,0.0,0.0,0.0,,,,,,,1.0,5400.0,0.0,0.0019,0.851,0.0,6000.0,0.0,0.0019,0.851,0.0,6000.0,0.0,0.0019,0.851,0.0,6000.0,0.0,0.0019,0.851,0.0,6000.0,0.0,0.0019,0.851,0.0,6000.0,0.0,0.0019,0.851,,,,,,,,,,,,,,,,,,,,,,,,,
22,22,motorway,24,25,"LINESTRING (-112.1025730 33.6399860, -112.0876300 33.6400890)",1.385800,0.861280,0.861280,-1,,network_wide,-1,0,-1,-1,3.0,motorway,1.0,0.0,0.0,0.0,0.0,0.0,1.0,0.0,0.0,0.0,0.0,0.0,,,,,,,1.0,5400.0,0.0,0.0019,0.861,0.0,6000.0,0.0,0.0019,0.861,0.0,6000.0,0.0,0.0019,0.861,0.0,6000.0,0.0,0.0019,0.861,0.0,6000.0,0.0,0.0019,0.861,0.0,6000.0,0.0,0.0019,0.861,,,,,,,,,,,,,,,,,,,,,,,,,
23,23,motorway,25,26,"LINESTRING (-112.0876300 33.6400890, -112.0724850 33.6401930)",1.404530,0.872921,0.872921,-1,,network_wide,-1,0,-1,-1,3.0,motorway,1.0,0.0,0.0,0.0,0.0,0.0,1.0,0.0,0.0,0.0,0.0,0.0,,,,,,,1.0,5400.0,0.0,0.0019,0.873,0.0,6000.0,0.0,0.0019,0.873,0.0,6000.0,0.0,0.0019,0.873,0.0,6000.0,0.0,0.0019,0.873,0.0,6000.0,0.0,0.0019,0.873,0.0,6000.0,0.0,0.0019,0.873,,,,,,,,,,,,,,,,,,,,,,,,,
24,24,motorway,26,27,"LINESTRING (-112.0724850 33.6401930, -112.0599650 33.6402790)",1.161080,0.721616,0.721616,-1,,network_wide,-1,0,-1,-1,3.0,motorway,1.0,0.0,0.0,0.0,0.0,0.0,1.0,0.0,0.0,0.0,0.0,0.0,,,,,,,1.0,5400.0,0.0,0.0019,0.722,0.0,6000.0,0.0,0.0019,0.722,0.0,6000.0,0.0,0.0019,0.722,0.0,6000.0,0.0,0.0019,0.722,0.0,6000.0,0.0,0.0019,0.722,0.0,6000.0,0.0,0.0019,0.722,,,,,,,,,,,,,,,,,,,,,,,,,
25,25,motorway,27,28,"LINESTRING (-112.0599650 33.6402790, -112.0464350 33.6403720)",1.254750,0.779832,0.779832,-1,,network_wide,-1,0,-1,-1,3.0,motorway,1.0,0.0,0.0,0.0,0.0,0.0,1.0,0.0,0.0,0.0,0.0,0.0,,,,,,,1.0,5400.0,0.0,0.0019,0.780,0.0,6000.0,0.0,0.0019,0.780,0.0,6000.0,0.0,0.0019,0.780,0.0,6000.0,0.0,0.0019,0.780,0.0,6000.0,0.0,0.0019,0.780,0.0,6000.0,0.0,0.0019,0.780,,,,,,,,,,,,,,,,,,,,,,,,,
26,26,motorway,28,29,"LINESTRING (-112.0464350 33.6403720, -112.0388420 33.6465680)",0.983710,0.611380,0.611380,-1,,network_wide,-1,0,-1,-1,3.0,motorway,1.0,0.0,0.0,0.0,0.0,0.0,1.0,0.0,0.0,0.0,0.0,0.0,,,,,,,1.0,5400.0,0.0,0.0019,0.611,0.0,6000.0,0.0,0.0019,0.611,0.0,6000.0,0.0,0.0019,0.611,0.0,6000.0,0.0,0.0019,0.611,0.0,6000.0,0.0,0.0019,0.611,0.0,6000.0,0.0,0.0019,0.611,,,,,,,,,,,,,,,,,,,,,,,,,
27,27,motorway,29,2,"LINESTRING (-112.0388420 33.6465680, -112.0298670 33.6552860)",1.275470,0.792710,0.792710,-1,,network_wide,-1,0,-1,-1,3.0,motorway,1.0,0.0,0.0,0.0,0.0,0.0,1.0,0.0,0.0,0.0,0.0,0.0,,,,,,,1.0,5400.0,0.0,0.0019,0.793,0.0,6000.0,0.0,0.0019,0.793,0.0,6000.0,0.0,0.0019,0.793,0.0,6000.0,0.0,0.0019,0.793,0.0,6000.0,0.0,0.0019,0.793,0.0,6000.0,0.0,0.0019,0.793,,,,,,,,,,,,,,,,,,,,,,,,,
28,28,motorway,12,2,"LINESTRING (-112.0386420 33.6623000, -112.0298670 33.6552860)",1.125470,0.699484,0.699484,-1,,network_wide,-1,0,-1,-1,4.0,motorway,72.0,0.0,0.0,0.0,0.0,0.0,72.0,0.0,0.0,0.0,0.0,0.0,,,,,,,72.0,7200.0,0.0,0.1000,0.699,0.0,8000.0,0.0,0.1000,0.699,0.0,8000.0,0.0,0.1000,0.699,0.0,8000.0,0.0,0.1000,0.699,0.0,8000.0,0.0,0.1000,0.699,0.0,8000.0,0.0,0.1000,0.699,,,,,,,,,,,,,,,,,,,,,,,,,
29,29,motorway,1,30,"LINESTRING (-112.2164130 33.6539160, -112.1885870 33.6541820)",2.580210,1.603611,3.207222,-1,,network_wide,-1,0,-1,-1,2.0,motorway,0.0,0.0,0.0,0.0,0.0,0.0,0.0,0.0,0.0,0.0,0.0,0.0,,,,,,,0.0,3600.0,0.0,0.0000,3.207,0.0,4000.0,0.0,0.0000,3.207,0.0,4000.0,0.0,0.0000,3.207,0.0,4000.0,0.0,0.0000,3.207,0.0,4000.0,0.0,0.0000,3.207,0.0,4000.0,0.0,0.0000,3.207,,,,,,,,,,,,,,,,,,,,,,,,,
30,30,motorway,30,31,"LINESTRING (-112.1885870 33.6541820, -112.1615280 33.6543680)",2.509000,1.559354,3.118707,-1,,network_wide,-1,0,-1,-1,2.0,motorway,0.0,0.0,0.0,0.0,0.0,0.0,0.0,0.0,0.0,0.0,0.0,0.0,,,,,,,0.0,1800.0,0.0,0.0000,3.119,0.0,4000.0,0.0,0.0000,3.119,0.0,4000.0,0.0,0.0000,3.119,0.0,4000.0,0.0,0.0000,3.119,0.0,4000.0,0.0,0.0000,3.119,0.0,4000.0,0.0,0.0000,3.119,,,,,,,,,,,,,,,,,,,,,,,,,
31,31,motorway,31,32,"LINESTRING (-112.1615280 33.6543680, -112.1364880 33.6545410)",2.321790,1.443002,2.886004,-1,,network_wide,-1,0,-1,-1,2.0,motorway,0.0,0.0,0.0,0.0,0.0,0.0,0.0,0.0,0.0,0.0,0.0,0.0,,,,,,,0.0,3600.0,0.0,0.0000,2.886,0.0,4000.0,0.0,0.0000,2.886,0.0,4000.0,0.0,0.0000,2.886,0.0,4000.0,0.0,0.0000,2.886,0.0,4000.0,0.0,0.0000,2.886,0.0,4000.0,0.0,0.0000,2.886,,,,,,,,,,,,,,,,,,,,,,,,,
32,32,motorway,32,33,"LINESTRING (-112.1364880 33.6545410, -112.1150400 33.6546770)",1.988710,1.235991,2.471983,-1,,network_wide,-1,0,-1,-1,2.0,motorway,0.0,0.0,0.0,0.0,0.0,0.0,0.0,0.0,0.0,0.0,0.0,0.0,,,,,,,0.0,1800.0,0.0,0.0000,2.472,0.0,4000.0,0.0,0.0000,2.472,0.0,4000.0,0.0,0.0000,2.472,0.0,4000.0,0.0,0.0000,2.472,0.0,4000.0,0.0,0.0000,2.472,0.0,4000.0,0.0,0.0000,2.472,,,,,,,,,,,,,,,,,,,,,,,,,
33,33,residential,34,2,"LINESTRING (-112.0633880 33.6550440, -112.0298670 33.6552750)",3.108150,1.931728,5.795183,-1,,network_wide,-1,0,-1,-1,2.0,residential,0.0,0.0,0.0,0.0,0.0,0.0,0.0,0.0,0.0,0.0,0.0,0.0,,,,,,,0.0,3600.0,0.0,0.0000,5.795,0.0,4000.0,0.0,0.0000,5.795,0.0,4000.0,0.0,0.0000,5.795,0.0,4000.0,0.0,0.0000,5.795,0.0,4000.0,0.0,0.0000,5.795,0.0,4000.0,0.0,0.0000,5.795,,,,,,,,,,,,,,,,,,,,,,,,,
34,34,motorway,33,35,"LINESTRING (-112.1150400 33.6546770, -112.0886300 33.6548700)",2.448820,1.521952,3.043903,-1,,network_wide,-1,0,-1,-1,2.0,motorway,0.0,0.0,0.0,0.0,0.0,0.0,0.0,0.0,0.0,0.0,0.0,0.0,,,,,,,0.0,1800.0,0.0,0.0000,3.044,0.0,4000.0,0.0,0.0000,3.044,0.0,4000.0,0.0,0.0000,3.044,0.0,4000.0,0.0,0.0000,3.044,0.0,4000.0,0.0,0.0000,3.044,0.0,4000.0,0.0,0.0000,3.044,,,,,,,,,,,,,,,,,,,,,,,,,
35,35,trunk,35,34,"LINESTRING (-112.0886300 33.6548700, -112.0633880 33.6550440)",2.340500,1.454630,8.727781,-1,,network_wide,-1,0,-1,-1,2.0,trunk,0.0,0.0,0.0,0.0,0.0,0.0,0.0,0.0,0.0,0.0,0.0,0.0,,,,,,,0.0,1800.0,0.0,0.0000,8.728,0.0,4000.0,0.0,0.0000,8.728,0.0,4000.0,0.0,0.0000,8.728,0.0,4000.0,0.0,0.0000,8.728,0.0,4000.0,0.0,0.0000,8.728,0.0,4000.0,0.0,0.0000,8.728,,,,,,,,,,,,,,,,,,,,,,,,,
36,36,motorway,36,31,"LINESTRING (-112.1688870 33.6606500, -112.1615350 33.6543710)",0.974320,0.605544,1.211088,-1,,network_wide,-1,0,-1,-1,3.0,motorway,0.0,0.0,0.0,0.0,0.0,0.0,0.0,0.0,0.0,0.0,0.0,0.0,,,,,,,0.0,3000.0,0.0,0.0000,1.211,0.0,6000.0,0.0,0.0000,1.211,0.0,6000.0,0.0,0.0000,1.211,0.0,6000.0,0.0,0.0000,1.211,0.0,6000.0,0.0,0.0000,1.211,0.0,6000.0,0.0,0.0000,1.211,,,,,,,,,,,,,,,,,,,,,,,,,
37,37,motorway,31,36,"LINESTRING (-112.1615210 33.6543880, -112.1688730 33.6606660)",0.974250,0.605500,0.558923,-1,,network_wide,-1,0,-1,-1,3.0,motorway,0.0,0.0,0.0,0.0,0.0,0.0,0.0,0.0,0.0,0.0,0.0,0.0,,,,,,,0.0,5700.0,0.0,0.0000,0.559,0.0,6000.0,0.0,0.0000,0.559,0.0,6000.0,0.0,0.0000,0.559,0.0,6000.0,0.0,0.0000,0.559,0.0,6000.0,0.0,0.0000,0.559,0.0,6000.0,0.0,0.0000,0.559,,,,,,,,,,,,,,,,,,,,,,,,,
38,38,motorway,31,37,"LINESTRING (-112.1615350 33.6543880, -112.1687240 33.6481020)",0.964400,0.599378,0.553272,-1,,network_wide,-1,0,-1,-1,3.0,motorway,0.0,0.0,0.0,0.0,0.0,0.0,0.0,0.0,0.0,0.0,0.0,0.0,,,,,,,0.0,5700.0,0.0,0.0000,0.553,0.0,6000.0,0.0,0.0000,0.553,0.0,6000.0,0.0,0.0000,0.553,0.0,6000.0,0.0,0.0000,0.553,0.0,6000.0,0.0,0.0000,0.553,0.0,6000.0,0.0,0.0000,0.553,,,,,,,,,,,,,,,,,,,,,,,,,
39,39,motorway,37,31,"LINESTRING (-112.1687100 33.6480850, -112.1615210 33.6543710)",0.964400,0.599378,0.553272,-1,,network_wide,-1,0,-1,-1,3.0,motorway,0.0,0.0,0.0,0.0,0.0,0.0,0.0,0.0,0.0,0.0,0.0,0.0,,,,,,,0.0,5700.0,0.0,0.0000,0.553,0.0,6000.0,0.0,0.0000,0.553,0.0,6000.0,0.0,0.0000,0.553,0.0,6000.0,0.0,0.0000,0.553,0.0,6000.0,0.0,0.0000,0.553,0.0,6000.0,0.0,0.0000,0.553,,,,,,,,,,,,,,,,,,,,,,,,,
40,40,motorway,38,33,"LINESTRING (-112.1175340 33.6624650, -112.1150510 33.6546850)",0.892780,0.554866,0.512184,-1,,network_wide,-1,0,-1,-1,3.0,motorway,1.0,0.0,0.0,0.0,0.0,0.0,1.0,0.0,0.0,0.0,0.0,0.0,,,,,,,1.0,5700.0,0.0,0.0018,0.512,0.0,6000.0,0.0,0.0018,0.512,0.0,6000.0,0.0,0.0018,0.512,0.0,6000.0,0.0,0.0018,0.512,0.0,6000.0,0.0,0.0018,0.512,0.0,6000.0,0.0,0.0018,0.512,,,,,,,,,,,,,,,,,,,,,,,,,
41,41,motorway,33,38,"LINESTRING (-112.1150300 33.6546910, -112.1175130 33.6624720)",0.892880,0.554929,0.512242,-1,,network_wide,-1,0,-1,-1,3.0,motorway,0.0,0.0,0.0,0.0,0.0,0.0,0.0,0.0,0.0,0.0,0.0,0.0,,,,,,,0.0,5700.0,0.0,0.0000,0.512,0.0,6000.0,0.0,0.0000,0.512,0.0,6000.0,0.0,0.0000,0.512,0.0,6000.0,0.0,0.0000,0.512,0.0,6000.0,0.0,0.0000,0.512,0.0,6000.0,0.0,0.0000,0.512,,,,,,,,,,,,,,,,,,,,,,,,,
42,42,motorway,33,39,"LINESTRING (-112.1150520 33.6546880, -112.1153660 33.6468330)",0.871390,0.541572,0.499913,-1,,network_wide,-1,0,-1,-1,3.0,motorway,1.0,0.0,0.0,0.0,0.0,0.0,1.0,0.0,0.0,0.0,0.0,0.0,,,,,,,1.0,5700.0,0.0,0.0018,0.500,0.0,6000.0,0.0,0.0018,0.500,0.0,6000.0,0.0,0.0018,0.500,0.0,6000.0,0.0,0.0018,0.500,0.0,6000.0,0.0,0.0018,0.500,0.0,6000.0,0.0,0.0018,0.500,,,,,,,,,,,,,,,,,,,,,,,,,
43,43,motorway,39,33,"LINESTRING (-112.1153430 33.6468330, -112.1150290 33.6546880)",0.871390,0.541572,0.499913,-1,,network_wide,-1,0,-1,-1,3.0,motorway,0.0,0.0,0.0,0.0,0.0,0.0,0.0,0.0,0.0,0.0,0.0,0.0,,,,,,,0.0,5700.0,0.0,0.0000,0.500,0.0,6000.0,0.0,0.0000,0.500,0.0,6000.0,0.0,0.0000,0.500,0.0,6000.0,0.0,0.0000,0.500,0.0,6000.0,0.0,0.0000,0.500,0.0,6000.0,0.0,0.0000,0.500,,,,,,,,,,,,,,,,,,,,,,,,,
44,44,motorway,40,35,"LINESTRING (-112.0943640 33.6604190, -112.0886370 33.6548730)",0.812430,0.504929,0.466088,-1,,network_wide,-1,0,-1,-1,3.0,motorway,0.0,0.0,0.0,0.0,0.0,0.0,0.0,0.0,0.0,0.0,0.0,0.0,,,,,,,0.0,5700.0,0.0,0.0000,0.466,0.0,6000.0,0.0,0.0000,0.466,0.0,6000.0,0.0,0.0000,0.466,0.0,6000.0,0.0,0.0000,0.466,0.0,6000.0,0.0,0.0000,0.466,0.0,6000.0,0.0,0.0000,0.466,,,,,,,,,,,,,,,,,,,,,,,,,
45,45,motorway,35,40,"LINESTRING (-112.0886230 33.6548900, -112.0943490 33.6604350)",0.812290,0.504842,0.466008,-1,,network_wide,-1,0,-1,-1,3.0,motorway,0.0,0.0,0.0,0.0,0.0,0.0,0.0,0.0,0.0,0.0,0.0,0.0,,,,,,,0.0,5700.0,0.0,0.0000,0.466,0.0,6000.0,0.0,0.0000,0.466,0.0,6000.0,0.0,0.0000,0.466,0.0,6000.0,0.0,0.0000,0.466,0.0,6000.0,0.0,0.0000,0.466,0.0,6000.0,0.0,0.0000,0.466,,,,,,,,,,,,,,,,,,,,,,,,,
46,46,motorway,35,41,"LINESTRING (-112.0886360 33.6548910, -112.0996530 33.6479270)",1.280510,0.795842,0.734624,-1,,network_wide,-1,0,-1,-1,3.0,motorway,0.0,0.0,0.0,0.0,0.0,0.0,0.0,0.0,0.0,0.0,0.0,0.0,,,,,,,0.0,5700.0,0.0,0.0000,0.735,0.0,6000.0,0.0,0.0000,0.735,0.0,6000.0,0.0,0.0000,0.735,0.0,6000.0,0.0,0.0000,0.735,0.0,6000.0,0.0,0.0000,0.735,0.0,6000.0,0.0,0.0000,0.735,,,,,,,,,,,,,,,,,,,,,,,,,
47,47,motorway,41,35,"LINESTRING (-112.0996410 33.6479090, -112.0886240 33.6548720)",1.280430,0.795792,0.734578,-1,,network_wide,-1,0,-1,-1,3.0,motorway,0.0,0.0,0.0,0.0,0.0,0.0,0.0,0.0,0.0,0.0,0.0,0.0,,,,,,,0.0,5700.0,0.0,0.0000,0.735,0.0,6000.0,0.0,0.0000,0.735,0.0,6000.0,0.0,0.0000,0.735,0.0,6000.0,0.0,0.0000,0.735,0.0,6000.0,0.0,0.0000,0.735,0.0,6000.0,0.0,0.0000,0.735,,,,,,,,,,,,,,,,,,,,,,,,,
48,48,motorway,4,36,"LINESTRING (-112.1827040 33.6676370, -112.1688800 33.6606580)",1.497090,0.930447,1.860895,-1,,network_wide,-1,0,-1,-1,2.0,motorway,0.0,0.0,0.0,0.0,0.0,0.0,0.0,0.0,0.0,0.0,0.0,0.0,,,,,,,0.0,1400.0,0.0,0.0000,1.861,0.0,4000.0,0.0,0.0000,1.861,0.0,4000.0,0.0,0.0000,1.861,0.0,4000.0,0.0,0.0000,1.861,0.0,4000.0,0.0,0.0000,1.861,0.0,4000.0,0.0,0.0000,1.861,,,,,,,,,,,,,,,,,,,,,,,,,
49,49,motorway,2,34,"LINESTRING (-112.0298670 33.6552980, -112.0633880 33.6550670)",3.108150,1.931728,1.783133,-1,,network_wide,-1,0,-1,-1,3.0,motorway,0.0,0.0,0.0,0.0,0.0,0.0,0.0,0.0,0.0,0.0,0.0,0.0,,,,,,,0.0,5700.0,0.0,0.0000,1.783,0.0,6000.0,0.0,0.0000,1.783,0.0,6000.0,0.0,0.0000,1.783,0.0,6000.0,0.0,0.0000,1.783,0.0,6000.0,0.0,0.0000,1.783,0.0,6000.0,0.0,0.0000,1.783,,,,,,,,,,,,,,,,,,,,,,,,,
50,50,motorway,34,35,"LINESTRING (-112.0633880 33.6550670, -112.0886300 33.6548930)",2.340500,1.454630,1.342736,-1,,network_wide,-1,0,-1,-1,3.0,motorway,0.0,0.0,0.0,0.0,0.0,0.0,0.0,0.0,0.0,0.0,0.0,0.0,,,,,,,0.0,5700.0,0.0,0.0000,1.343,0.0,6000.0,0.0,0.0000,1.343,0.0,6000.0,0.0,0.0000,1.343,0.0,6000.0,0.0,0.0000,1.343,0.0,6000.0,0.0,0.0000,1.343,0.0,6000.0,0.0,0.0000,1.343,,,,,,,,,,,,,,,,,,,,,,,,,
51,51,motorway,35,33,"LINESTRING (-112.0886300 33.6548930, -112.1150410 33.6546990)",2.448910,1.522007,1.404930,-1,,network_wide,-1,0,-1,-1,3.0,motorway,0.0,0.0,0.0,0.0,0.0,0.0,0.0,0.0,0.0,0.0,0.0,0.0,,,,,,,0.0,5700.0,0.0,0.0000,1.405,0.0,6000.0,0.0,0.0000,1.405,0.0,6000.0,0.0,0.0000,1.405,0.0,6000.0,0.0,0.0000,1.405,0.0,6000.0,0.0,0.0000,1.405,0.0,6000.0,0.0,0.0000,1.405,,,,,,,,,,,,,,,,,,,,,,,,,
52,52,motorway,33,32,"LINESTRING (-112.1150410 33.6546990, -112.1364880 33.6545630)",1.988620,1.235935,1.140863,-1,,network_wide,-1,0,-1,-1,3.0,motorway,0.0,0.0,0.0,0.0,0.0,0.0,0.0,0.0,0.0,0.0,0.0,0.0,,,,,,,0.0,5700.0,0.0,0.0000,1.141,0.0,6000.0,0.0,0.0000,1.141,0.0,6000.0,0.0,0.0000,1.141,0.0,6000.0,0.0,0.0000,1.141,0.0,6000.0,0.0,0.0000,1.141,0.0,6000.0,0.0,0.0000,1.141,,,,,,,,,,,,,,,,,,,,,,,,,
53,53,motorway,32,31,"LINESTRING (-112.1364880 33.6545630, -112.1615280 33.6543910)",2.321790,1.443002,1.332002,-1,,network_wide,-1,0,-1,-1,3.0,motorway,0.0,0.0,0.0,0.0,0.0,0.0,0.0,0.0,0.0,0.0,0.0,0.0,,,,,,,0.0,5700.0,0.0,0.0000,1.332,0.0,6000.0,0.0,0.0000,1.332,0.0,6000.0,0.0,0.0000,1.332,0.0,6000.0,0.0,0.0000,1.332,0.0,6000.0,0.0,0.0000,1.332,0.0,6000.0,0.0,0.0000,1.332,,,,,,,,,,,,,,,,,,,,,,,,,
54,54,motorway,31,30,"LINESTRING (-112.1615280 33.6543910, -112.1885880 33.6542040)",2.509090,1.559410,1.439455,-1,,network_wide,-1,0,-1,-1,3.0,motorway,0.0,0.0,0.0,0.0,0.0,0.0,0.0,0.0,0.0,0.0,0.0,0.0,,,,,,,0.0,5700.0,0.0,0.0000,1.439,0.0,6000.0,0.0,0.0000,1.439,0.0,6000.0,0.0,0.0000,1.439,0.0,6000.0,0.0,0.0000,1.439,0.0,6000.0,0.0,0.0000,1.439,0.0,6000.0,0.0,0.0000,1.439,,,,,,,,,,,,,,,,,,,,,,,,,
55,55,motorway,30,1,"LINESTRING (-112.1885880 33.6542040, -112.2164130 33.6539380)",2.580120,1.603555,1.480205,-1,,network_wide,-1,0,-1,-1,3.0,motorway,0.0,0.0,0.0,0.0,0.0,0.0,0.0,0.0,0.0,0.0,0.0,0.0,,,,,,,0.0,5700.0,0.0,0.0000,1.480,0.0,6000.0,0.0,0.0000,1.480,0.0,6000.0,0.0,0.0000,1.480,0.0,6000.0,0.0,0.0000,1.480,0.0,6000.0,0.0,0.0000,1.480,0.0,6000.0,0.0,0.0000,1.480,,,,,,,,,,,,,,,,,,,,,,,,,
56,56,motorway,7,38,"LINESTRING (-112.1203160 33.6680620, -112.1175340 33.6624630)",0.672220,0.417787,0.385650,-1,,network_wide,-1,0,-1,-1,1.0,motorway,1.0,0.0,0.0,0.0,0.0,0.0,1.0,0.0,0.0,0.0,0.0,0.0,,,,,,,1.0,1900.0,0.0,0.0053,0.386,0.0,2000.0,0.0,0.0053,0.386,0.0,2000.0,0.0,0.0053,0.386,0.0,2000.0,0.0,0.0053,0.386,0.0,2000.0,0.0,0.0053,0.386,0.0,2000.0,0.0,0.0053,0.386,,,,,,,,,,,,,,,,,,,,,,,,,
57,57,motorway,38,7,"LINESTRING (-112.1175130 33.6624740, -112.1202960 33.6680720)",0.672160,0.417750,0.385616,-1,,network_wide,-1,0,-1,-1,1.0,motorway,0.0,0.0,0.0,0.0,0.0,0.0,0.0,0.0,0.0,0.0,0.0,0.0,,,,,,,0.0,1900.0,0.0,0.0000,0.386,0.0,2000.0,0.0,0.0000,0.386,0.0,2000.0,0.0,0.0000,0.386,0.0,2000.0,0.0,0.0000,0.386,0.0,2000.0,0.0,0.0000,0.386,0.0,2000.0,0.0,0.0000,0.386,,,,,,,,,,,,,,,,,,,,,,,,,
58,58,motorway,39,23,"LINESTRING (-112.1153650 33.6468360, -112.1173500 33.6398730)",0.793640,0.493250,0.455308,-1,,network_wide,-1,0,-1,-1,1.0,motorway,1.0,0.0,0.0,0.0,0.0,0.0,1.0,0.0,0.0,0.0,0.0,0.0,,,,,,,1.0,1900.0,0.0,0.0053,0.455,0.0,2000.0,0.0,0.0053,0.455,0.0,2000.0,0.0,0.0053,0.455,0.0,2000.0,0.0,0.0053,0.455,0.0,2000.0,0.0,0.0053,0.455,0.0,2000.0,0.0,0.0053,0.455,,,,,,,,,,,,,,,,,,,,,,,,,
59,59,motorway,23,39,"LINESTRING (-112.1173300 33.6398670, -112.1153440 33.6468300)",0.793660,0.493263,0.455320,-1,,network_wide,-1,0,-1,-1,1.0,motorway,0.0,0.0,0.0,0.0,0.0,0.0,0.0,0.0,0.0,0.0,0.0,0.0,,,,,,,0.0,1900.0,0.0,0.0000,0.455,0.0,2000.0,0.0,0.0000,0.455,0.0,2000.0,0.0,0.0000,0.455,0.0,2000.0,0.0,0.0000,0.455,0.0,2000.0,0.0,0.0000,0.455,0.0,2000.0,0.0,0.0000,0.455,,,,,,,,,,,,,,,,,,,,,,,,,
60,60,motorway,7,42,"LINESTRING (-112.1202950 33.6680650, -112.1196100 33.6714100)",0.376270,0.233853,0.215865,-1,,network_wide,-1,0,-1,-1,1.0,motorway,1.0,0.0,0.0,0.0,0.0,0.0,1.0,0.0,0.0,0.0,0.0,0.0,,,,,,,1.0,1900.0,0.0,0.0053,0.216,0.0,2000.0,0.0,0.0053,0.216,0.0,2000.0,0.0,0.0053,0.216,0.0,2000.0,0.0,0.0053,0.216,0.0,2000.0,0.0,0.0053,0.216,0.0,2000.0,0.0,0.0053,0.216,,,,,,,,,,,,,,,,,,,,,,,,,
61,61,motorway,42,7,"LINESTRING (-112.1196330 33.6714140, -112.1203170 33.6680690)",0.376250,0.233841,0.215853,-1,,network_wide,-1,0,-1,-1,1.0,motorway,1.0,0.0,0.0,0.0,0.0,0.0,1.0,0.0,0.0,0.0,0.0,0.0,,,,,,,1.0,1900.0,0.0,0.0053,0.216,0.0,2000.0,0.0,0.0053,0.216,0.0,2000.0,0.0,0.0053,0.216,0.0,2000.0,0.0,0.0053,0.216,0.0,2000.0,0.0,0.0053,0.216,0.0,2000.0,0.0,0.0053,0.216,,,,,,,,,,,,,,,,,,,,,,,,,
62,62,motorway,23,43,"LINESTRING (-112.1173510 33.6398690, -112.1169600 33.6348570)",0.556880,0.346103,0.319480,-1,,network_wide,-1,0,-1,-1,1.0,motorway,1.0,0.0,0.0,0.0,0.0,0.0,1.0,0.0,0.0,0.0,0.0,0.0,,,,,,,1.0,1900.0,0.0,0.0053,0.319,0.0,2000.0,0.0,0.0053,0.319,0.0,2000.0,0.0,0.0053,0.319,0.0,2000.0,0.0,0.0053,0.319,0.0,2000.0,0.0,0.0053,0.319,0.0,2000.0,0.0,0.0053,0.319,,,,,,,,,,,,,,,,,,,,,,,,,
63,63,motorway,43,23,"LINESTRING (-112.1169370 33.6348590, -112.1173290 33.6398710)",0.556870,0.346097,0.319474,-1,,network_wide,-1,0,-1,-1,1.0,motorway,1.0,0.0,0.0,0.0,0.0,0.0,1.0,0.0,0.0,0.0,0.0,0.0,,,,,,,1.0,1900.0,0.0,0.0053,0.319,0.0,2000.0,0.0,0.0053,0.319,0.0,2000.0,0.0,0.0053,0.319,0.0,2000.0,0.0,0.0053,0.319,0.0,2000.0,0.0,0.0053,0.319,0.0,2000.0,0.0,0.0053,0.319,,,,,,,,,,,,,,,,,,,,,,,,,
64,64,motorway,11,44,"LINESTRING (-112.0461960 33.6685660, -112.0057270 33.6687410)",3.751730,2.331715,2.152353,-1,,network_wide,-1,0,-1,-1,1.0,motorway,0.0,0.0,0.0,0.0,0.0,0.0,0.0,0.0,0.0,0.0,0.0,0.0,,,,,,,0.0,1900.0,0.0,0.0000,2.152,0.0,2000.0,0.0,0.0000,2.152,0.0,2000.0,0.0,0.0000,2.152,0.0,2000.0,0.0,0.0000,2.152,0.0,2000.0,0.0,0.0000,2.152,0.0,2000.0,0.0,0.0000,2.152,,,,,,,,,,,,,,,,,,,,,,,,,
65,65,motorway,44,11,"LINESTRING (-112.0057270 33.6687640, -112.0461960 33.6685890)",3.751720,2.331709,2.152347,-1,,network_wide,-1,0,-1,-1,1.0,motorway,0.0,0.0,0.0,0.0,0.0,0.0,0.0,0.0,0.0,0.0,0.0,0.0,,,,,,,0.0,1900.0,0.0,0.0000,2.152,0.0,2000.0,0.0,0.0000,2.152,0.0,2000.0,0.0,0.0000,2.152,0.0,2000.0,0.0,0.0000,2.152,0.0,2000.0,0.0,0.0000,2.152,0.0,2000.0,0.0,0.0000,2.152,,,,,,,,,,,,,,,,,,,,,,,,,
66,66,motorway,44,45,"LINESTRING (-112.0057270 33.6687410, -111.9637300 33.6676120)",3.895360,2.420982,2.234753,-1,,network_wide,-1,0,-1,-1,1.0,motorway,0.0,0.0,0.0,0.0,0.0,0.0,0.0,0.0,0.0,0.0,0.0,0.0,,,,,,,0.0,1900.0,0.0,0.0000,2.235,0.0,2000.0,0.0,0.0000,2.235,0.0,2000.0,0.0,0.0000,2.235,0.0,2000.0,0.0,0.0000,2.235,0.0,2000.0,0.0,0.0000,2.235,0.0,2000.0,0.0,0.0000,2.235,,,,,,,,,,,,,,,,,,,,,,,,,
67,67,motorway,45,44,"LINESTRING (-111.9637300 33.6676350, -112.0057270 33.6687640)",3.895370,2.420988,2.234758,-1,,network_wide,-1,0,-1,-1,1.0,motorway,0.0,0.0,0.0,0.0,0.0,0.0,0.0,0.0,0.0,0.0,0.0,0.0,,,,,,,0.0,1900.0,0.0,0.0000,2.235,0.0,2000.0,0.0,0.0000,2.235,0.0,2000.0,0.0,0.0000,2.235,0.0,2000.0,0.0,0.0000,2.235,0.0,2000.0,0.0,0.0000,2.235,0.0,2000.0,0.0,0.0000,2.235,,,,,,,,,,,,,,,,,,,,,,,,,
68,68,motorway,45,46,"LINESTRING (-111.9637320 33.6676120, -111.9328960 33.6627590)",2.908970,1.807937,1.668865,-1,,network_wide,-1,0,-1,-1,1.0,motorway,0.0,0.0,0.0,0.0,0.0,0.0,0.0,0.0,0.0,0.0,0.0,0.0,,,,,,,0.0,1900.0,0.0,0.0000,1.669,0.0,2000.0,0.0,0.0000,1.669,0.0,2000.0,0.0,0.0000,1.669,0.0,2000.0,0.0,0.0000,1.669,0.0,2000.0,0.0,0.0000,1.669,0.0,2000.0,0.0,0.0000,1.669,,,,,,,,,,,,,,,,,,,,,,,,,
69,69,motorway,46,45,"LINESTRING (-111.9328920 33.6627820, -111.9637280 33.6676350)",2.908960,1.807930,1.668859,-1,,network_wide,-1,0,-1,-1,1.0,motorway,0.0,0.0,0.0,0.0,0.0,0.0,0.0,0.0,0.0,0.0,0.0,0.0,,,,,,,0.0,1900.0,0.0,0.0000,1.669,0.0,2000.0,0.0,0.0000,1.669,0.0,2000.0,0.0,0.0000,1.669,0.0,2000.0,0.0,0.0000,1.669,0.0,2000.0,0.0,0.0000,1.669,0.0,2000.0,0.0,0.0000,1.669,,,,,,,,,,,,,,,,,,,,,,,,,
70,70,motorway,2,47,"LINESTRING (-112.0298670 33.6552750, -112.0024700 33.6548840)",2.540600,1.578993,1.457532,-1,,network_wide,-1,0,-1,-1,1.0,motorway,0.0,0.0,0.0,0.0,0.0,0.0,0.0,0.0,0.0,0.0,0.0,0.0,,,,,,,0.0,1900.0,0.0,0.0000,1.458,0.0,2000.0,0.0,0.0000,1.458,0.0,2000.0,0.0,0.0000,1.458,0.0,2000.0,0.0,0.0000,1.458,0.0,2000.0,0.0,0.0000,1.458,0.0,2000.0,0.0,0.0000,1.458,,,,,,,,,,,,,,,,,,,,,,,,,
71,71,motorway,47,2,"LINESTRING (-112.0024700 33.6549070, -112.0298670 33.6552980)",2.540600,1.578993,1.457532,-1,,network_wide,-1,0,-1,-1,1.0,motorway,0.0,0.0,0.0,0.0,0.0,0.0,0.0,0.0,0.0,0.0,0.0,0.0,,,,,,,0.0,1900.0,0.0,0.0000,1.458,0.0,2000.0,0.0,0.0000,1.458,0.0,2000.0,0.0,0.0000,1.458,0.0,2000.0,0.0,0.0000,1.458,0.0,2000.0,0.0,0.0000,1.458,0.0,2000.0,0.0,0.0000,1.458,,,,,,,,,,,,,,,,,,,,,,,,,
72,72,motorway,47,48,"LINESTRING (-112.0024700 33.6548840, -111.9642080 33.6536280)",3.550400,2.206588,2.036850,-1,,network_wide,-1,0,-1,-1,1.0,motorway,0.0,0.0,0.0,0.0,0.0,0.0,0.0,0.0,0.0,0.0,0.0,0.0,,,,,,,0.0,1900.0,0.0,0.0000,2.037,0.0,2000.0,0.0,0.0000,2.037,0.0,2000.0,0.0,0.0000,2.037,0.0,2000.0,0.0,0.0000,2.037,0.0,2000.0,0.0,0.0000,2.037,0.0,2000.0,0.0,0.0000,2.037,,,,,,,,,,,,,,,,,,,,,,,,,
73,73,motorway,48,47,"LINESTRING (-111.9642070 33.6536510, -112.0024700 33.6549070)",3.550490,2.206644,2.036902,-1,,network_wide,-1,0,-1,-1,1.0,motorway,0.0,0.0,0.0,0.0,0.0,0.0,0.0,0.0,0.0,0.0,0.0,0.0,,,,,,,0.0,1900.0,0.0,0.0000,2.037,0.0,2000.0,0.0,0.0000,2.037,0.0,2000.0,0.0,0.0000,2.037,0.0,2000.0,0.0,0.0000,2.037,0.0,2000.0,0.0,0.0000,2.037,0.0,2000.0,0.0,0.0000,2.037,,,,,,,,,,,,,,,,,,,,,,,,,
74,74,motorway,48,49,"LINESTRING (-111.9642070 33.6536280, -111.9297020 33.6539670)",3.199560,1.988539,1.835575,-1,,network_wide,-1,0,-1,-1,1.0,motorway,0.0,0.0,0.0,0.0,0.0,0.0,0.0,0.0,0.0,0.0,0.0,0.0,,,,,,,0.0,1900.0,0.0,0.0000,1.836,0.0,2000.0,0.0,0.0000,1.836,0.0,2000.0,0.0,0.0000,1.836,0.0,2000.0,0.0,0.0000,1.836,0.0,2000.0,0.0,0.0000,1.836,0.0,2000.0,0.0,0.0000,1.836,,,,,,,,,,,,,,,,,,,,,,,,,
75,75,motorway,49,48,"LINESTRING (-111.9297020 33.6539900, -111.9642080 33.6536510)",3.199650,1.988595,1.835627,-1,,network_wide,-1,0,-1,-1,1.0,motorway,0.0,0.0,0.0,0.0,0.0,0.0,0.0,0.0,0.0,0.0,0.0,0.0,,,,,,,0.0,1900.0,0.0,0.0000,1.836,0.0,2000.0,0.0,0.0000,1.836,0.0,2000.0,0.0,0.0000,1.836,0.0,2000.0,0.0,0.0000,1.836,0.0,2000.0,0.0,0.0000,1.836,0.0,2000.0,0.0,0.0000,1.836,,,,,,,,,,,,,,,,,,,,,,,,,
76,76,motorway,44,47,"LINESTRING (-112.0057380 33.6687500, -112.0024800 33.6548930)",1.565760,0.973126,0.898270,-1,,network_wide,-1,0,-1,-1,1.0,motorway,0.0,0.0,0.0,0.0,0.0,0.0,0.0,0.0,0.0,0.0,0.0,0.0,,,,,,,0.0,1900.0,0.0,0.0000,0.898,0.0,2000.0,0.0,0.0000,0.898,0.0,2000.0,0.0,0.0000,0.898,0.0,2000.0,0.0,0.0000,0.898,0.0,2000.0,0.0,0.0000,0.898,0.0,2000.0,0.0,0.0000,0.898,,,,,,,,,,,,,,,,,,,,,,,,,
77,77,motorway,47,44,"LINESTRING (-112.0024600 33.6548970, -112.0057170 33.6687540)",1.565740,0.973114,0.898259,-1,,network_wide,-1,0,-1,-1,1.0,motorway,0.0,0.0,0.0,0.0,0.0,0.0,0.0,0.0,0.0,0.0,0.0,0.0,,,,,,,0.0,1900.0,0.0,0.0000,0.898,0.0,2000.0,0.0,0.0000,0.898,0.0,2000.0,0.0,0.0000,0.898,0.0,2000.0,0.0,0.0000,0.898,0.0,2000.0,0.0,0.0000,0.898,0.0,2000.0,0.0,0.0000,0.898,,,,,,,,,,,,,,,,,,,,,,,,,
78,78,motorway,47,50,"LINESTRING (-112.0024810 33.6548950, -112.0018380 33.6391970)",1.741490,1.082343,0.999086,-1,,network_wide,-1,0,-1,-1,1.0,motorway,0.0,0.0,0.0,0.0,0.0,0.0,0.0,0.0,0.0,0.0,0.0,0.0,,,,,,,0.0,1900.0,0.0,0.0000,0.999,0.0,2000.0,0.0,0.0000,0.999,0.0,2000.0,0.0,0.0000,0.999,0.0,2000.0,0.0,0.0000,0.999,0.0,2000.0,0.0,0.0000,0.999,0.0,2000.0,0.0,0.0000,0.999,,,,,,,,,,,,,,,,,,,,,,,,,
79,79,motorway,50,47,"LINESTRING (-112.0018150 33.6391970, -112.0024590 33.6548950)",1.741490,1.082343,0.999086,-1,,network_wide,-1,0,-1,-1,1.0,motorway,0.0,0.0,0.0,0.0,0.0,0.0,0.0,0.0,0.0,0.0,0.0,0.0,,,,,,,0.0,1900.0,0.0,0.0000,0.999,0.0,2000.0,0.0,0.0000,0.999,0.0,2000.0,0.0,0.0000,0.999,0.0,2000.0,0.0,0.0000,0.999,0.0,2000.0,0.0,0.0000,0.999,0.0,2000.0,0.0,0.0000,0.999,,,,,,,,,,,,,,,,,,,,,,,,,
