link_seq_id,link_id,base_s0_link_type,from_node_id,to_node_id,geometry,distance_km,distance_mile,fftt,free_speed_base_mode,link_specific_speed_diff,capacity_base_mode,link_specific_capacity_diff,meso_link_id,tmc,tmc_corridor_name,tmc_corridor_id,tmc_road_order,tmc_road_sequence,subarea_id,lanes_s0,link_type_s0,free_speed_s0,capacity_s0,lanes_p1_s0_auto,lanes_p1_s0_hov2,lanes_p1_s0_hov3,lanes_p1_s0_trk,lanes_p1_s0_com,lanes_p1_s0_apv,VOL_p1_s0_auto,VOL_p1_s0_hov2,VOL_p1_s0_hov3,VOL_p1_s0_trk,VOL_p1_s0_com,VOL_p1_s0_apv,MEU_p1_s0_auto,MEU_p1_s0_hov2,MEU_p1_s0_hov3,MEU_p1_s0_trk,MEU_p1_s0_com,MEU_p1_s0_apv,CAP_p1_s0_auto,CAP_p1_s0_hov2,CAP_p1_s0_hov3,CAP_p1_s0_trk,CAP_p1_s0_com,CAP_p1_s0_apv,PEN_p1_s0_auto,PEN_p1_s0_hov2,PEN_p1_s0_hov3,PEN_p1_s0_trk,PEN_p1_s0_com,PEN_p1_s0_apv,DOC_p1_s0_auto,DOC_p1_s0_hov2,DOC_p1_s0_hov3,DOC_p1_s0_trk,DOC_p1_s0_com,DOC_p1_s0_apv,TT_p1_s0_auto,TT_p1_s0_hov2,TT_p1_s0_hov3,TT_p1_s0_trk,TT_p1_s0_com,TT_p1_s0_apv,CO2_p1_s0_auto,CO2_p1_s0_hov2,CO2_p1_s0_hov3,CO2_p1_s0_trk,CO2_p1_s0_com,CO2_p1_s0_apv,NOX_p1_s0_auto,NOX_p1_s0_hov2,NOX_p1_s0_hov3,NOX_p1_s0_trk,NOX_p1_s0_com,NOX_p1_s0_apv,VOL_am_2025_auto,MEU_am_2025_auto,CAP_am_2025_auto,PEN_am_2025_auto,DOC_am_2025_auto,TT_am_2025_auto,CO2_am_2025_auto,NOX_am_2025_auto,VOL_am_2025_hov2,MEU_am_2025_hov2,CAP_am_2025_hov2,PEN_am_2025_hov2,DOC_am_2025_hov2,TT_am_2025_hov2,CO2_am_2025_hov2,NOX_am_2025_hov2,VOL_am_2025_hov3,MEU_am_2025_hov3,CAP_am_2025_hov3,PEN_am_2025_hov3,DOC_am_2025_hov3,TT_am_2025_hov3,CO2_am_2025_hov3,NOX_am_2025_hov3,VOL_am_2025_trk,MEU_am_2025_trk,CAP_am_2025_trk,PEN_am_2025_trk,DOC_am_2025_trk,TT_am_2025_trk,CO2_am_2025_trk,NOX_am_2025_trk,VOL_am_2025_com,MEU_am_2025_com,CAP_am_2025_com,PEN_am_2025_com,DOC_am_2025_com,TT_am_2025_com,CO2_am_2025_com,NOX_am_2025_com,VOL_am_2025_apv,MEU_am_2025_apv,CAP_am_2025_apv,PEN_am_2025_apv,DOC_am_2025_apv,TT_am_2025_apv,CO2_am_2025_apv,NOX_am_2025_apv,
1,1,motorway,1,3,"LINESTRING (-112.2164130 33.6539270, -112.2031120 33.6675560)",1.950400,1.212181,1.212181,96.540000,36.540000,1900.000000,-100.000000,-1,,network_wide,-1,0,-1,-1,3.0,motorway,96.5,1900.0,3.0,3.0,3.0,3.0,3.0,3.0,73.0,0.0,0.0,0.0,0.0,0.0,73.0,0.0,0.0,0.0,0.0,0.0,5700.0,6000.0,6000.0,6000.0,6000.0,6000.0,0.0,0.0,0.0,0.0,0.0,0.0,0.1281,0.1281,0.1281,0.1281,0.1281,0.1281,1.2,1.2,1.2,1.2,1.2,1.2,30.7,0.0,0.0,0.0,0.0,0.0,0.0,0.0,0.0,0.0,0.0,0.0,73.0,73.0,5700.000,0.000,0.1281,1.212,30.656,0.008,0.0,0.0,6000.000,0.000,0.1281,1.212,0.000,0.000,0.0,0.0,6000.000,0.000,0.1281,1.212,0.000,0.000,0.0,0.0,6000.000,0.000,0.1281,1.212,0.000,0.000,0.0,0.0,6000.000,0.000,0.1281,1.212,0.000,0.000,0.0,0.0,6000.000,0.000,0.1281,1.212,0.000,0.000,
2,2,motorway,3,4,"LINESTRING (-112.2031120 33.6675560, -112.1827040 33.6676370)",1.891960,1.175861,1.175861,96.540000,36.540000,1800.000000,-200.000000,-1,,network_wide,-1,0,-1,-1,3.0,motorway,96.5,1800.0,3.0,3.0,3.0,3.0,3.0,3.0,73.0,0.0,0.0,0.0,0.0,0.0,73.0,0.0,0.0,0.0,0.0,0.0,5400.0,6000.0,6000.0,6000.0,6000.0,6000.0,0.0,0.0,0.0,0.0,0.0,0.0,0.1352,0.1352,0.1352,0.1352,0.1352,0.1352,1.2,1.2,1.2,1.2,1.2,1.2,29.7,0.0,0.0,0.0,0.0,0.0,0.0,0.0,0.0,0.0,0.0,0.0,73.0,73.0,5400.000,0.000,0.1352,1.176,29.738,0.008,0.0,0.0,6000.000,0.000,0.1352,1.176,0.000,0.000,0.0,0.0,6000.000,0.000,0.1352,1.176,0.000,0.000,0.0,0.0,6000.000,0.000,0.1352,1.176,0.000,0.000,0.0,0.0,6000.000,0.000,0.1352,1.176,0.000,0.000,0.0,0.0,6000.000,0.000,0.1352,1.176,0.000,0.000,
3,3,motorway,4,5,"LINESTRING (-112.1827040 33.6676370, -112.1631160 33.6677720)",1.815980,1.128639,1.128639,96.540000,36.540000,1800.000000,-200.000000,-1,,network_wide,-1,0,-1,-1,3.0,motorway,96.5,1800.0,3.0,3.0,3.0,3.0,3.0,3.0,73.0,0.0,0.0,0.0,0.0,0.0,73.0,0.0,0.0,0.0,0.0,0.0,5400.0,6000.0,6000.0,6000.0,6000.0,6000.0,0.0,0.0,0.0,0.0,0.0,0.0,0.1352,0.1352,0.1352,0.1352,0.1352,0.1352,1.1,1.1,1.1,1.1,1.1,1.1,28.5,0.0,0.0,0.0,0.0,0.0,0.0,0.0,0.0,0.0,0.0,0.0,73.0,73.0,5400.000,0.000,0.1352,1.129,28.543,0.008,0.0,0.0,6000.000,0.000,0.1352,1.129,0.000,0.000,0.0,0.0,6000.000,0.000,0.1352,1.129,0.000,0.000,0.0,0.0,6000.000,0.000,0.1352,1.129,0.000,0.000,0.0,0.0,6000.000,0.000,0.1352,1.129,0.000,0.000,0.0,0.0,6000.000,0.000,0.1352,1.129,0.000,0.000,
4,4,motorway,5,6,"LINESTRING (-112.1631160 33.6677720, -112.1407010 33.6679260)",2.078070,1.291529,1.291529,96.540000,36.540000,1800.000000,-200.000000,-1,,network_wide,-1,0,-1,-1,3.0,motorway,96.5,1800.0,3.0,3.0,3.0,3.0,3.0,3.0,73.0,0.0,0.0,0.0,0.0,0.0,73.0,0.0,0.0,0.0,0.0,0.0,5400.0,6000.0,6000.0,6000.0,6000.0,6000.0,0.0,0.0,0.0,0.0,0.0,0.0,0.1352,0.1352,0.1352,0.1352,0.1352,0.1352,1.3,1.3,1.3,1.3,1.3,1.3,32.7,0.0,0.0,0.0,0.0,0.0,0.0,0.0,0.0,0.0,0.0,0.0,73.0,73.0,5400.000,0.000,0.1352,1.292,32.663,0.009,0.0,0.0,6000.000,0.000,0.1352,1.292,0.000,0.000,0.0,0.0,6000.000,0.000,0.1352,1.292,0.000,0.000,0.0,0.0,6000.000,0.000,0.1352,1.292,0.000,0.000,0.0,0.0,6000.000,0.000,0.1352,1.292,0.000,0.000,0.0,0.0,6000.000,0.000,0.1352,1.292,0.000,0.000,
5,5,motorway,6,7,"LINESTRING (-112.1407010 33.6679260, -112.1203060 33.6680670)",1.890790,1.175134,1.175134,96.540000,36.540000,1800.000000,-200.000000,-1,,network_wide,-1,0,-1,-1,3.0,motorway,96.5,1800.0,3.0,3.0,3.0,3.0,3.0,3.0,73.0,0.0,0.0,0.0,0.0,0.0,73.0,0.0,0.0,0.0,0.0,0.0,5400.0,6000.0,6000.0,6000.0,6000.0,6000.0,0.0,0.0,0.0,0.0,0.0,0.0,0.1352,0.1352,0.1352,0.1352,0.1352,0.1352,1.2,1.2,1.2,1.2,1.2,1.2,29.7,0.0,0.0,0.0,0.0,0.0,0.0,0.0,0.0,0.0,0.0,0.0,73.0,73.0,5400.000,0.000,0.1352,1.175,29.719,0.008,0.0,0.0,6000.000,0.000,0.1352,1.175,0.000,0.000,0.0,0.0,6000.000,0.000,0.1352,1.175,0.000,0.000,0.0,0.0,6000.000,0.000,0.1352,1.175,0.000,0.000,0.0,0.0,6000.000,0.000,0.1352,1.175,0.000,0.000,0.0,0.0,6000.000,0.000,0.1352,1.175,0.000,0.000,
6,6,motorway,7,8,"LINESTRING (-112.1203060 33.6680670, -112.0980930 33.6682200)",2.059340,1.279888,1.279888,96.540000,36.540000,1800.000000,-200.000000,-1,,network_wide,-1,0,-1,-1,3.0,motorway,96.5,1800.0,3.0,3.0,3.0,3.0,3.0,3.0,72.0,0.0,0.0,0.0,0.0,0.0,72.0,0.0,0.0,0.0,0.0,0.0,5400.0,6000.0,6000.0,6000.0,6000.0,6000.0,0.0,0.0,0.0,0.0,0.0,0.0,0.1333,0.1333,0.1333,0.1333,0.1333,0.1333,1.3,1.3,1.3,1.3,1.3,1.3,31.9,0.0,0.0,0.0,0.0,0.0,0.0,0.0,0.0,0.0,0.0,0.0,72.0,72.0,5400.000,0.000,0.1333,1.280,31.925,0.009,0.0,0.0,6000.000,0.000,0.1333,1.280,0.000,0.000,0.0,0.0,6000.000,0.000,0.1333,1.280,0.000,0.000,0.0,0.0,6000.000,0.000,0.1333,1.280,0.000,0.000,0.0,0.0,6000.000,0.000,0.1333,1.280,0.000,0.000,0.0,0.0,6000.000,0.000,0.1333,1.280,0.000,0.000,
7,7,motorway,8,9,"LINESTRING (-112.0980930 33.6682200, -112.0797170 33.6683470)",1.703610,1.058800,1.058800,96.540000,36.540000,1800.000000,-200.000000,-1,,network_wide,-1,0,-1,-1,3.0,motorway,96.5,1800.0,3.0,3.0,3.0,3.0,3.0,3.0,72.0,0.0,0.0,0.0,0.0,0.0,72.0,0.0,0.0,0.0,0.0,0.0,5400.0,6000.0,6000.0,6000.0,6000.0,6000.0,0.0,0.0,0.0,0.0,0.0,0.0,0.1333,0.1333,0.1333,0.1333,0.1333,0.1333,1.1,1.1,1.1,1.1,1.1,1.1,26.4,0.0,0.0,0.0,0.0,0.0,0.0,0.0,0.0,0.0,0.0,0.0,72.0,72.0,5400.000,0.000,0.1333,1.059,26.410,0.007,0.0,0.0,6000.000,0.000,0.1333,1.059,0.000,0.000,0.0,0.0,6000.000,0.000,0.1333,1.059,0.000,0.000,0.0,0.0,6000.000,0.000,0.1333,1.059,0.000,0.000,0.0,0.0,6000.000,0.000,0.1333,1.059,0.000,0.000,0.0,0.0,6000.000,0.000,0.1333,1.059,0.000,0.000,
8,8,motorway,10,11,"LINESTRING (-112.0623510 33.6684660, -112.0461960 33.6685780)",1.497710,0.930833,0.930833,96.540000,36.540000,1800.000000,-200.000000,-1,,network_wide,-1,0,-1,-1,2.0,motorway,96.5,1800.0,2.0,2.0,2.0,2.0,2.0,2.0,72.0,0.0,0.0,0.0,0.0,0.0,72.0,0.0,0.0,0.0,0.0,0.0,3600.0,4000.0,4000.0,4000.0,4000.0,4000.0,0.0,0.0,0.0,0.0,0.0,0.0,0.2000,0.2000,0.2000,0.2000,0.2000,0.2000,0.9,0.9,0.9,0.9,0.9,0.9,23.2,0.0,0.0,0.0,0.0,0.0,0.0,0.0,0.0,0.0,0.0,0.0,72.0,72.0,3600.000,0.000,0.2000,0.931,23.220,0.006,0.0,0.0,4000.000,0.000,0.2000,0.931,0.000,0.000,0.0,0.0,4000.000,0.000,0.2000,0.931,0.000,0.000,0.0,0.0,4000.000,0.000,0.2000,0.931,0.000,0.000,0.0,0.0,4000.000,0.000,0.2000,0.931,0.000,0.000,0.0,0.0,4000.000,0.000,0.2000,0.931,0.000,0.000,
9,9,motorway,11,12,"LINESTRING (-112.0461960 33.6685780, -112.0386420 33.6623000)",0.987380,0.613661,0.613661,96.540000,36.540000,1800.000000,-200.000000,-1,,network_wide,-1,0,-1,-1,3.0,motorway,96.5,1800.0,3.0,3.0,3.0,3.0,3.0,3.0,72.0,0.0,0.0,0.0,0.0,0.0,72.0,0.0,0.0,0.0,0.0,0.0,5400.0,6000.0,6000.0,6000.0,6000.0,6000.0,0.0,0.0,0.0,0.0,0.0,0.0,0.1333,0.1333,0.1333,0.1333,0.1333,0.1333,0.6,0.6,0.6,0.6,0.6,0.6,15.3,0.0,0.0,0.0,0.0,0.0,0.0,0.0,0.0,0.0,0.0,0.0,72.0,72.0,5400.000,0.000,0.1333,0.614,15.307,0.004,0.0,0.0,6000.000,0.000,0.1333,0.614,0.000,0.000,0.0,0.0,6000.000,0.000,0.1333,0.614,0.000,0.000,0.0,0.0,6000.000,0.000,0.1333,0.614,0.000,0.000,0.0,0.0,6000.000,0.000,0.1333,0.614,0.000,0.000,0.0,0.0,6000.000,0.000,0.1333,0.614,0.000,0.000,
10,10,motorway,9,10,"LINESTRING (-112.0797170 33.6683470, -112.0623510 33.6684660)",1.609970,1.000603,1.000603,96.540000,36.540000,1800.000000,-200.000000,-1,,network_wide,-1,0,-1,-1,2.0,motorway,96.5,1800.0,2.0,2.0,2.0,2.0,2.0,2.0,72.0,0.0,0.0,0.0,0.0,0.0,72.0,0.0,0.0,0.0,0.0,0.0,3600.0,4000.0,4000.0,4000.0,4000.0,4000.0,0.0,0.0,0.0,0.0,0.0,0.0,0.2000,0.2000,0.2000,0.2000,0.2000,0.2000,1.0,1.0,1.0,1.0,1.0,1.0,25.0,0.0,0.0,0.0,0.0,0.0,0.0,0.0,0.0,0.0,0.0,0.0,72.0,72.0,3600.000,0.000,0.2000,1.001,24.961,0.007,0.0,0.0,4000.000,0.000,0.2000,1.001,0.000,0.000,0.0,0.0,4000.000,0.000,0.2000,1.001,0.000,0.000,0.0,0.0,4000.000,0.000,0.2000,1.001,0.000,0.000,0.0,0.0,4000.000,0.000,0.2000,1.001,0.000,0.000,0.0,0.0,4000.000,0.000,0.2000,1.001,0.000,0.000,
11,11,motorway,1,14,"LINESTRING (-112.2164130 33.6539270, -112.2113330 33.6484510)",0.768430,0.477582,0.477582,96.540000,36.540000,1800.000000,-200.000000,-1,,network_wide,-1,0,-1,-1,3.0,motorway,96.5,1800.0,3.0,3.0,3.0,3.0,3.0,3.0,0.0,0.0,0.0,0.0,0.0,0.0,0.0,0.0,0.0,0.0,0.0,0.0,5400.0,6000.0,6000.0,6000.0,6000.0,6000.0,0.0,0.0,0.0,0.0,0.0,0.0,0.0000,0.0000,0.0000,0.0000,0.0000,0.0000,0.5,0.5,0.5,0.5,0.5,0.5,0.0,0.0,0.0,0.0,0.0,0.0,0.0,0.0,0.0,0.0,0.0,0.0,0.0,0.0,5400.000,0.000,0.0000,0.478,0.000,0.000,0.0,0.0,6000.000,0.000,0.0000,0.478,0.000,0.000,0.0,0.0,6000.000,0.000,0.0000,0.478,0.000,0.000,0.0,0.0,6000.000,0.000,0.0000,0.478,0.000,0.000,0.0,0.0,6000.000,0.000,0.0000,0.478,0.000,0.000,0.0,0.0,6000.000,0.000,0.0000,0.478,0.000,0.000,
12,12,motorway,14,15,"LINESTRING (-112.2113330 33.6484510, -112.2070350 33.6440130)",0.633210,0.393543,0.393543,96.540000,36.540000,1800.000000,-200.000000,-1,,network_wide,-1,0,-1,-1,3.0,motorway,96.5,1800.0,3.0,3.0,3.0,3.0,3.0,3.0,0.0,0.0,0.0,0.0,0.0,0.0,0.0,0.0,0.0,0.0,0.0,0.0,5400.0,6000.0,6000.0,6000.0,6000.0,6000.0,0.0,0.0,0.0,0.0,0.0,0.0,0.0000,0.0000,0.0000,0.0000,0.0000,0.0000,0.4,0.4,0.4,0.4,0.4,0.4,0.0,0.0,0.0,0.0,0.0,0.0,0.0,0.0,0.0,0.0,0.0,0.0,0.0,0.0,5400.000,0.000,0.0000,0.394,0.000,0.000,0.0,0.0,6000.000,0.000,0.0000,0.394,0.000,0.000,0.0,0.0,6000.000,0.000,0.0000,0.394,0.000,0.000,0.0,0.0,6000.000,0.000,0.0000,0.394,0.000,0.000,0.0,0.0,6000.000,0.000,0.0000,0.394,0.000,0.000,0.0,0.0,6000.000,0.000,0.0000,0.394,0.000,0.000,
13,13,motorway,15,16,"LINESTRING (-112.2070350 33.6440130, -112.2023290 33.6392980)",0.680980,0.423232,0.423232,96.540000,36.540000,1800.000000,-200.000000,-1,,network_wide,-1,0,-1,-1,3.0,motorway,96.5,1800.0,3.0,3.0,3.0,3.0,3.0,3.0,0.0,0.0,0.0,0.0,0.0,0.0,0.0,0.0,0.0,0.0,0.0,0.0,5400.0,6000.0,6000.0,6000.0,6000.0,6000.0,0.0,0.0,0.0,0.0,0.0,0.0,0.0000,0.0000,0.0000,0.0000,0.0000,0.0000,0.4,0.4,0.4,0.4,0.4,0.4,0.0,0.0,0.0,0.0,0.0,0.0,0.0,0.0,0.0,0.0,0.0,0.0,0.0,0.0,5400.000,0.000,0.0000,0.423,0.000,0.000,0.0,0.0,6000.000,0.000,0.0000,0.423,0.000,0.000,0.0,0.0,6000.000,0.000,0.0000,0.423,0.000,0.000,0.0,0.0,6000.000,0.000,0.0000,0.423,0.000,0.000,0.0,0.0,6000.000,0.000,0.0000,0.423,0.000,0.000,0.0,0.0,6000.000,0.000,0.0000,0.423,0.000,0.000,
14,14,motorway,16,17,"LINESTRING (-112.2023290 33.6392980, -112.1908180 33.6393780)",1.067520,0.663468,0.663468,96.540000,36.540000,1800.000000,-200.000000,-1,,network_wide,-1,0,-1,-1,3.0,motorway,96.5,1800.0,3.0,3.0,3.0,3.0,3.0,3.0,0.0,0.0,0.0,0.0,0.0,0.0,0.0,0.0,0.0,0.0,0.0,0.0,5400.0,6000.0,6000.0,6000.0,6000.0,6000.0,0.0,0.0,0.0,0.0,0.0,0.0,0.0000,0.0000,0.0000,0.0000,0.0000,0.0000,0.7,0.7,0.7,0.7,0.7,0.7,0.0,0.0,0.0,0.0,0.0,0.0,0.0,0.0,0.0,0.0,0.0,0.0,0.0,0.0,5400.000,0.000,0.0000,0.663,0.000,0.000,0.0,0.0,6000.000,0.000,0.0000,0.663,0.000,0.000,0.0,0.0,6000.000,0.000,0.0000,0.663,0.000,0.000,0.0,0.0,6000.000,0.000,0.0000,0.663,0.000,0.000,0.0,0.0,6000.000,0.000,0.0000,0.663,0.000,0.000,0.0,0.0,6000.000,0.000,0.0000,0.663,0.000,0.000,
15,15,motorway,17,18,"LINESTRING (-112.1908180 33.6393780, -112.1799140 33.6394530)",1.011240,0.628490,0.628490,96.540000,36.540000,1800.000000,-200.000000,-1,,network_wide,-1,0,-1,-1,3.0,motorway,96.5,1800.0,3.0,3.0,3.0,3.0,3.0,3.0,0.0,0.0,0.0,0.0,0.0,0.0,0.0,0.0,0.0,0.0,0.0,0.0,5400.0,6000.0,6000.0,6000.0,6000.0,6000.0,0.0,0.0,0.0,0.0,0.0,0.0,0.0000,0.0000,0.0000,0.0000,0.0000,0.0000,0.6,0.6,0.6,0.6,0.6,0.6,0.0,0.0,0.0,0.0,0.0,0.0,0.0,0.0,0.0,0.0,0.0,0.0,0.0,0.0,5400.000,0.000,0.0000,0.628,0.000,0.000,0.0,0.0,6000.000,0.000,0.0000,0.628,0.000,0.000,0.0,0.0,6000.000,0.000,0.0000,0.628,0.000,0.000,0.0,0.0,6000.000,0.000,0.0000,0.628,0.000,0.000,0.0,0.0,6000.000,0.000,0.0000,0.628,0.000,0.000,0.0,0.0,6000.000,0.000,0.0000,0.628,0.000,0.000,
16,16,motorway,18,19,"LINESTRING (-112.1799140 33.6394530, -112.1682020 33.6395340)",1.086160,0.675053,0.675053,96.540000,36.540000,1800.000000,-200.000000,-1,,network_wide,-1,0,-1,-1,3.0,motorway,96.5,1800.0,3.0,3.0,3.0,3.0,3.0,3.0,0.0,0.0,0.0,0.0,0.0,0.0,0.0,0.0,0.0,0.0,0.0,0.0,5400.0,6000.0,6000.0,6000.0,6000.0,6000.0,0.0,0.0,0.0,0.0,0.0,0.0,0.0000,0.0000,0.0000,0.0000,0.0000,0.0000,0.7,0.7,0.7,0.7,0.7,0.7,0.0,0.0,0.0,0.0,0.0,0.0,0.0,0.0,0.0,0.0,0.0,0.0,0.0,0.0,5400.000,0.000,0.0000,0.675,0.000,0.000,0.0,0.0,6000.000,0.000,0.0000,0.675,0.000,0.000,0.0,0.0,6000.000,0.000,0.0000,0.675,0.000,0.000,0.0,0.0,6000.000,0.000,0.0000,0.675,0.000,0.000,0.0,0.0,6000.000,0.000,0.0000,0.675,0.000,0.000,0.0,0.0,6000.000,0.000,0.0000,0.675,0.000,0.000,
17,17,motorway,19,20,"LINESTRING (-112.1682020 33.6395340, -112.1552780 33.6396230)",1.198560,0.744910,0.744910,96.540000,36.540000,1800.000000,-200.000000,-1,,network_wide,-1,0,-1,-1,3.0,motorway,96.5,1800.0,3.0,3.0,3.0,3.0,3.0,3.0,0.0,0.0,0.0,0.0,0.0,0.0,0.0,0.0,0.0,0.0,0.0,0.0,5400.0,6000.0,6000.0,6000.0,6000.0,6000.0,0.0,0.0,0.0,0.0,0.0,0.0,0.0000,0.0000,0.0000,0.0000,0.0000,0.0000,0.7,0.7,0.7,0.7,0.7,0.7,0.0,0.0,0.0,0.0,0.0,0.0,0.0,0.0,0.0,0.0,0.0,0.0,0.0,0.0,5400.000,0.000,0.0000,0.745,0.000,0.000,0.0,0.0,6000.000,0.000,0.0000,0.745,0.000,0.000,0.0,0.0,6000.000,0.000,0.0000,0.745,0.000,0.000,0.0,0.0,6000.000,0.000,0.0000,0.745,0.000,0.000,0.0,0.0,6000.000,0.000,0.0000,0.745,0.000,0.000,0.0,0.0,6000.000,0.000,0.0000,0.745,0.000,0.000,
18,18,motorway,20,21,"LINESTRING (-112.1552780 33.6396230, -112.1431620 33.6397060)",1.123630,0.698341,0.698341,96.540000,36.540000,1800.000000,-200.000000,-1,,network_wide,-1,0,-1,-1,3.0,motorway,96.5,1800.0,3.0,3.0,3.0,3.0,3.0,3.0,0.0,0.0,0.0,0.0,0.0,0.0,0.0,0.0,0.0,0.0,0.0,0.0,5400.0,6000.0,6000.0,6000.0,6000.0,6000.0,0.0,0.0,0.0,0.0,0.0,0.0,0.0000,0.0000,0.0000,0.0000,0.0000,0.0000,0.7,0.7,0.7,0.7,0.7,0.7,0.0,0.0,0.0,0.0,0.0,0.0,0.0,0.0,0.0,0.0,0.0,0.0,0.0,0.0,5400.000,0.000,0.0000,0.698,0.000,0.000,0.0,0.0,6000.000,0.000,0.0000,0.698,0.000,0.000,0.0,0.0,6000.000,0.000,0.0000,0.698,0.000,0.000,0.0,0.0,6000.000,0.000,0.0000,0.698,0.000,0.000,0.0,0.0,6000.000,0.000,0.0000,0.698,0.000,0.000,0.0,0.0,6000.000,0.000,0.0000,0.698,0.000,0.000,
19,19,motorway,21,22,"LINESTRING (-112.1431620 33.6397060, -112.1288240 33.6398050)",1.329690,0.826408,0.826408,96.540000,36.540000,1800.000000,-200.000000,-1,,network_wide,-1,0,-1,-1,3.0,motorway,96.5,1800.0,3.0,3.0,3.0,3.0,3.0,3.0,0.0,0.0,0.0,0.0,0.0,0.0,0.0,0.0,0.0,0.0,0.0,0.0,5400.0,6000.0,6000.0,6000.0,6000.0,6000.0,0.0,0.0,0.0,0.0,0.0,0.0,0.0000,0.0000,0.0000,0.0000,0.0000,0.0000,0.8,0.8,0.8,0.8,0.8,0.8,0.0,0.0,0.0,0.0,0.0,0.0,0.0,0.0,0.0,0.0,0.0,0.0,0.0,0.0,5400.000,0.000,0.0000,0.826,0.000,0.000,0.0,0.0,6000.000,0.000,0.0000,0.826,0.000,0.000,0.0,0.0,6000.000,0.000,0.0000,0.826,0.000,0.000,0.0,0.0,6000.000,0.000,0.0000,0.826,0.000,0.000,0.0,0.0,6000.000,0.000,0.0000,0.826,0.000,0.000,0.0,0.0,6000.000,0.000,0.0000,0.826,0.000,0.000,
20,20,motorway,22,23,"LINESTRING (-112.1288240 33.6398050, -112.1173400 33.6398700)",1.065000,0.661902,0.661902,96.540000,36.540000,1800.000000,-200.000000,-1,,network_wide,-1,0,-1,-1,3.0,motorway,96.5,1800.0,3.0,3.0,3.0,3.0,3.0,3.0,0.0,0.0,0.0,0.0,0.0,0.0,0.0,0.0,0.0,0.0,0.0,0.0,5400.0,6000.0,6000.0,6000.0,6000.0,6000.0,0.0,0.0,0.0,0.0,0.0,0.0,0.0000,0.0000,0.0000,0.0000,0.0000,0.0000,0.7,0.7,0.7,0.7,0.7,0.7,0.0,0.0,0.0,0.0,0.0,0.0,0.0,0.0,0.0,0.0,0.0,0.0,0.0,0.0,5400.000,0.000,0.0000,0.662,0.000,0.000,0.0,0.0,6000.000,0.000,0.0000,0.662,0.000,0.000,0.0,0.0,6000.000,0.000,0.0000,0.662,0.000,0.000,0.0,0.0,6000.000,0.000,0.0000,0.662,0.000,0.000,0.0,0.0,6000.000,0.000,0.0000,0.662,0.000,0.000,0.0,0.0,6000.000,0.000,0.0000,0.662,0.000,0.000,
21,21,motorway,23,24,"LINESTRING (-112.1173400 33.6398700, -112.1025730 33.6399860)",1.369480,0.851137,0.851137,96.540000,36.540000,1800.000000,-200.000000,-1,,network_wide,-1,0,-1,-1,3.0,motorway,96.5,1800.0,3.0,3.0,3.0,3.0,3.0,3.0,1.0,0.0,0.0,0.0,0.0,0.0,1.0,0.0,0.0,0.0,0.0,0.0,5400.0,6000.0,6000.0,6000.0,6000.0,6000.0,0.0,0.0,0.0,0.0,0.0,0.0,0.0019,0.0019,0.0019,0.0019,0.0019,0.0019,0.9,0.9,0.9,0.9,0.9,0.9,0.3,0.0,0.0,0.0,0.0,0.0,0.0,0.0,0.0,0.0,0.0,0.0,1.0,1.0,5400.000,0.000,0.0019,0.851,0.295,0.000,0.0,0.0,6000.000,0.000,0.0019,0.851,0.000,0.000,0.0,0.0,6000.000,0.000,0.0019,0.851,0.000,0.000,0.0,0.0,6000.000,0.000,0.0019,0.851,0.000,0.000,0.0,0.0,6000.000,0.000,0.0019,0.851,0.000,0.000,0.0,0.0,6000.000,0.000,0.0019,0.851,0.000,0.000,
22,22,motorway,24,25,"LINESTRING (-112.1025730 33.6399860, -112.0876300 33.6400890)",1.385800,0.861280,0.861280,96.540000,36.540000,1800.000000,-200.000000,-1,,network_wide,-1,0,-1,-1,3.0,motorway,96.5,1800.0,3.0,3.0,3.0,3.0,3.0,3.0,1.0,0.0,0.0,0.0,0.0,0.0,1.0,0.0,0.0,0.0,0.0,0.0,5400.0,6000.0,6000.0,6000.0,6000.0,6000.0,0.0,0.0,0.0,0.0,0.0,0.0,0.0019,0.0019,0.0019,0.0019,0.0019,0.0019,0.9,0.9,0.9,0.9,0.9,0.9,0.3,0.0,0.0,0.0,0.0,0.0,0.0,0.0,0.0,0.0,0.0,0.0,1.0,1.0,5400.000,0.000,0.0019,0.861,0.298,0.000,0.0,0.0,6000.000,0.000,0.0019,0.861,0.000,0.000,0.0,0.0,6000.000,0.000,0.0019,0.861,0.000,0.000,0.0,0.0,6000.000,0.000,0.0019,0.861,0.000,0.000,0.0,0.0,6000.000,0.000,0.0019,0.861,0.000,0.000,0.0,0.0,6000.000,0.000,0.0019,0.861,0.000,0.000,
23,23,motorway,25,26,"LINESTRING (-112.0876300 33.6400890, -112.0724850 33.6401930)",1.404530,0.872921,0.872921,96.540000,36.540000,1800.000000,-200.000000,-1,,network_wide,-1,0,-1,-1,3.0,motorway,96.5,1800.0,3.0,3.0,3.0,3.0,3.0,3.0,1.0,0.0,0.0,0.0,0.0,0.0,1.0,0.0,0.0,0.0,0.0,0.0,5400.0,6000.0,6000.0,6000.0,6000.0,6000.0,0.0,0.0,0.0,0.0,0.0,0.0,0.0019,0.0019,0.0019,0.0019,0.0019,0.0019,0.9,0.9,0.9,0.9,0.9,0.9,0.3,0.0,0.0,0.0,0.0,0.0,0.0,0.0,0.0,0.0,0.0,0.0,1.0,1.0,5400.000,0.000,0.0019,0.873,0.302,0.000,0.0,0.0,6000.000,0.000,0.0019,0.873,0.000,0.000,0.0,0.0,6000.000,0.000,0.0019,0.873,0.000,0.000,0.0,0.0,6000.000,0.000,0.0019,0.873,0.000,0.000,0.0,0.0,6000.000,0.000,0.0019,0.873,0.000,0.000,0.0,0.0,6000.000,0.000,0.0019,0.873,0.000,0.000,
24,24,motorway,26,27,"LINESTRING (-112.0724850 33.6401930, -112.0599650 33.6402790)",1.161080,0.721616,0.721616,96.540000,36.540000,1800.000000,-200.000000,-1,,network_wide,-1,0,-1,-1,3.0,motorway,96.5,1800.0,3.0,3.0,3.0,3.0,3.0,3.0,1.0,0.0,0.0,0.0,0.0,0.0,1.0,0.0,0.0,0.0,0.0,0.0,5400.0,6000.0,6000.0,6000.0,6000.0,6000.0,0.0,0.0,0.0,0.0,0.0,0.0,0.0019,0.0019,0.0019,0.0019,0.0019,0.0019,0.7,0.7,0.7,0.7,0.7,0.7,0.2,0.0,0.0,0.0,0.0,0.0,0.0,0.0,0.0,0.0,0.0,0.0,1.0,1.0,5400.000,0.000,0.0019,0.722,0.250,0.000,0.0,0.0,6000.000,0.000,0.0019,0.722,0.000,0.000,0.0,0.0,6000.000,0.000,0.0019,0.722,0.000,0.000,0.0,0.0,6000.000,0.000,0.0019,0.722,0.000,0.000,0.0,0.0,6000.000,0.000,0.0019,0.722,0.000,0.000,0.0,0.0,6000.000,0.000,0.0019,0.722,0.000,0.000,
25,25,motorway,27,28,"LINESTRING (-112.0599650 33.6402790, -112.0464350 33.6403720)",1.254750,0.779832,0.779832,96.540000,36.540000,1800.000000,-200.000000,-1,,network_wide,-1,0,-1,-1,3.0,motorway,96.5,1800.0,3.0,3.0,3.0,3.0,3.0,3.0,1.0,0.0,0.0,0.0,0.0,0.0,1.0,0.0,0.0,0.0,0.0,0.0,5400.0,6000.0,6000.0,6000.0,6000.0,6000.0,0.0,0.0,0.0,0.0,0.0,0.0,0.0019,0.0019,0.0019,0.0019,0.0019,0.0019,0.8,0.8,0.8,0.8,0.8,0.8,0.3,0.0,0.0,0.0,0.0,0.0,0.0,0.0,0.0,0.0,0.0,0.0,1.0,1.0,5400.000,0.000,0.0019,0.780,0.270,0.000,0.0,0.0,6000.000,0.000,0.0019,0.780,0.000,0.000,0.0,0.0,6000.000,0.000,0.0019,0.780,0.000,0.000,0.0,0.0,6000.000,0.000,0.0019,0.780,0.000,0.000,0.0,0.0,6000.000,0.000,0.0019,0.780,0.000,0.000,0.0,0.0,6000.000,0.000,0.0019,0.780,0.000,0.000,
26,26,motorway,28,29,"LINESTRING (-112.0464350 33.6403720, -112.0388420 33.6465680)",0.983710,0.611380,0.611380,96.540000,36.540000,1800.000000,-200.000000,-1,,network_wide,-1,0,-1,-1,3.0,motorway,96.5,1800.0,3.0,3.0,3.0,3.0,3.0,3.0,1.0,0.0,0.0,0.0,0.0,0.0,1.0,0.0,0.0,0.0,0.0,0.0,5400.0,6000.0,6000.0,6000.0,6000.0,6000.0,0.0,0.0,0.0,0.0,0.0,0.0,0.0019,0.0019,0.0019,0.0019,0.0019,0.0019,0.6,0.6,0.6,0.6,0.6,0.6,0.2,0.0,0.0,0.0,0.0,0.0,0.0,0.0,0.0,0.0,0.0,0.0,1.0,1.0,5400.000,0.000,0.0019,0.611,0.212,0.000,0.0,0.0,6000.000,0.000,0.0019,0.611,0.000,0.000,0.0,0.0,6000.000,0.000,0.0019,0.611,0.000,0.000,0.0,0.0,6000.000,0.000,0.0019,0.611,0.000,0.000,0.0,0.0,6000.000,0.000,0.0019,0.611,0.000,0.000,0.0,0.0,6000.000,0.000,0.0019,0.611,0.000,0.000,
27,27,motorway,29,2,"LINESTRING (-112.0388420 33.6465680, -112.0298670 33.6552860)",1.275470,0.792710,0.792710,96.540000,36.540000,1800.000000,-200.000000,-1,,network_wide,-1,0,-1,-1,3.0,motorway,96.5,1800.0,3.0,3.0,3.0,3.0,3.0,3.0,1.0,0.0,0.0,0.0,0.0,0.0,1.0,0.0,0.0,0.0,0.0,0.0,5400.0,6000.0,6000.0,6000.0,6000.0,6000.0,0.0,0.0,0.0,0.0,0.0,0.0,0.0019,0.0019,0.0019,0.0019,0.0019,0.0019,0.8,0.8,0.8,0.8,0.8,0.8,0.3,0.0,0.0,0.0,0.0,0.0,0.0,0.0,0.0,0.0,0.0,0.0,1.0,1.0,5400.000,0.000,0.0019,0.793,0.275,0.000,0.0,0.0,6000.000,0.000,0.0019,0.793,0.000,0.000,0.0,0.0,6000.000,0.000,0.0019,0.793,0.000,0.000,0.0,0.0,6000.000,0.000,0.0019,0.793,0.000,0.000,0.0,0.0,6000.000,0.000,0.0019,0.793,0.000,0.000,0.0,0.0,6000.000,0.000,0.0019,0.793,0.000,0.000,
28,28,motorway,12,2,"LINESTRING (-112.0386420 33.6623000, -112.0298670 33.6552860)",1.125470,0.699484,0.699484,96.540000,36.540000,1800.000000,-200.000000,-1,,network_wide,-1,0,-1,-1,4.0,motorway,96.5,1800.0,4.0,4.0,4.0,4.0,4.0,4.0,72.0,0.0,0.0,0.0,0.0,0.0,72.0,0.0,0.0,0.0,0.0,0.0,7200.0,8000.0,8000.0,8000.0,8000.0,8000.0,0.0,0.0,0.0,0.0,0.0,0.0,0.1000,0.1000,0.1000,0.1000,0.1000,0.1000,0.7,0.7,0.7,0.7,0.7,0.7,17.4,0.0,0.0,0.0,0.0,0.0,0.0,0.0,0.0,0.0,0.0,0.0,72.0,72.0,7200.000,0.000,0.1000,0.699,17.447,0.005,0.0,0.0,8000.000,0.000,0.1000,0.699,0.000,0.000,0.0,0.0,8000.000,0.000,0.1000,0.699,0.000,0.000,0.0,0.0,8000.000,0.000,0.1000,0.699,0.000,0.000,0.0,0.0,8000.000,0.000,0.1000,0.699,0.000,0.000,0.0,0.0,8000.000,0.000,0.1000,0.699,0.000,0.000,
29,29,motorway,1,30,"LINESTRING (-112.2164130 33.6539160, -112.1885870 33.6541820)",2.580210,1.603611,3.207222,48.270000,-11.730000,1800.000000,-200.000000,-1,,network_wide,-1,0,-1,-1,2.0,motorway,48.3,1800.0,2.0,2.0,2.0,2.0,2.0,2.0,0.0,0.0,0.0,0.0,0.0,0.0,0.0,0.0,0.0,0.0,0.0,0.0,3600.0,4000.0,4000.0,4000.0,4000.0,4000.0,0.0,0.0,0.0,0.0,0.0,0.0,0.0000,0.0000,0.0000,0.0000,0.0000,0.0000,3.2,3.2,3.2,3.2,3.2,3.2,0.0,0.0,0.0,0.0,0.0,0.0,0.0,0.0,0.0,0.0,0.0,0.0,0.0,0.0,3600.000,0.000,0.0000,3.207,0.000,0.000,0.0,0.0,4000.000,0.000,0.0000,3.207,0.000,0.000,0.0,0.0,4000.000,0.000,0.0000,3.207,0.000,0.000,0.0,0.0,4000.000,0.000,0.0000,3.207,0.000,0.000,0.0,0.0,4000.000,0.000,0.0000,3.207,0.000,0.000,0.0,0.0,4000.000,0.000,0.0000,3.207,0.000,0.000,
30,30,motorway,30,31,"LINESTRING (-112.1885870 33.6541820, -112.1615280 33.6543680)",2.509000,1.559354,3.118707,48.270000,-11.730000,900.000000,-1100.000000,-1,,network_wide,-1,0,-1,-1,2.0,motorway,48.3,900.0,2.0,2.0,2.0,2.0,2.0,2.0,0.0,0.0,0.0,0.0,0.0,0.0,0.0,0.0,0.0,0.0,0.0,0.0,1800.0,4000.0,4000.0,4000.0,4000.0,4000.0,0.0,0.0,0.0,0.0,0.0,0.0,0.0000,0.0000,0.0000,0.0000,0.0000,0.0000,3.1,3.1,3.1,3.1,3.1,3.1,0.0,0.0,0.0,0.0,0.0,0.0,0.0,0.0,0.0,0.0,0.0,0.0,0.0,0.0,1800.000,0.000,0.0000,3.119,0.000,0.000,0.0,0.0,4000.000,0.000,0.0000,3.119,0.000,0.000,0.0,0.0,4000.000,0.000,0.0000,3.119,0.000,0.000,0.0,0.0,4000.000,0.000,0.0000,3.119,0.000,0.000,0.0,0.0,4000.000,0.000,0.0000,3.119,0.000,0.000,0.0,0.0,4000.000,0.000,0.0000,3.119,0.000,0.000,
31,31,motorway,31,32,"LINESTRING (-112.1615280 33.6543680, -112.1364880 33.6545410)",2.321790,1.443002,2.886004,48.270000,-11.730000,1800.000000,-200.000000,-1,,network_wide,-1,0,-1,-1,2.0,motorway,48.3,1800.0,2.0,2.0,2.0,2.0,2.0,2.0,0.0,0.0,0.0,0.0,0.0,0.0,0.0,0.0,0.0,0.0,0.0,0.0,3600.0,4000.0,4000.0,4000.0,4000.0,4000.0,0.0,0.0,0.0,0.0,0.0,0.0,0.0000,0.0000,0.0000,0.0000,0.0000,0.0000,2.9,2.9,2.9,2.9,2.9,2.9,0.0,0.0,0.0,0.0,0.0,0.0,0.0,0.0,0.0,0.0,0.0,0.0,0.0,0.0,3600.000,0.000,0.0000,2.886,0.000,0.000,0.0,0.0,4000.000,0.000,0.0000,2.886,0.000,0.000,0.0,0.0,4000.000,0.000,0.0000,2.886,0.000,0.000,0.0,0.0,4000.000,0.000,0.0000,2.886,0.000,0.000,0.0,0.0,4000.000,0.000,0.0000,2.886,0.000,0.000,0.0,0.0,4000.000,0.000,0.0000,2.886,0.000,0.000,
32,32,motorway,32,33,"LINESTRING (-112.1364880 33.6545410, -112.1150400 33.6546770)",1.988710,1.235991,2.471983,48.270000,-11.730000,900.000000,-1100.000000,-1,,network_wide,-1,0,-1,-1,2.0,motorway,48.3,900.0,2.0,2.0,2.0,2.0,2.0,2.0,0.0,0.0,0.0,0.0,0.0,0.0,0.0,0.0,0.0,0.0,0.0,0.0,1800.0,4000.0,4000.0,4000.0,4000.0,4000.0,0.0,0.0,0.0,0.0,0.0,0.0,0.0000,0.0000,0.0000,0.0000,0.0000,0.0000,2.5,2.5,2.5,2.5,2.5,2.5,0.0,0.0,0.0,0.0,0.0,0.0,0.0,0.0,0.0,0.0,0.0,0.0,0.0,0.0,1800.000,0.000,0.0000,2.472,0.000,0.000,0.0,0.0,4000.000,0.000,0.0000,2.472,0.000,0.000,0.0,0.0,4000.000,0.000,0.0000,2.472,0.000,0.000,0.0,0.0,4000.000,0.000,0.0000,2.472,0.000,0.000,0.0,0.0,4000.000,0.000,0.0000,2.472,0.000,0.000,0.0,0.0,4000.000,0.000,0.0000,2.472,0.000,0.000,
33,33,residential,34,2,"LINESTRING (-112.0633880 33.6550440, -112.0298670 33.6552750)",3.108150,1.931728,5.795183,32.180000,-27.820000,1800.000000,-200.000000,-1,,network_wide,-1,0,-1,-1,2.0,residential,32.2,1800.0,2.0,2.0,2.0,2.0,2.0,2.0,0.0,0.0,0.0,0.0,0.0,0.0,0.0,0.0,0.0,0.0,0.0,0.0,3600.0,4000.0,4000.0,4000.0,4000.0,4000.0,0.0,0.0,0.0,0.0,0.0,0.0,0.0000,0.0000,0.0000,0.0000,0.0000,0.0000,5.8,5.8,5.8,5.8,5.8,5.8,0.0,0.0,0.0,0.0,0.0,0.0,0.0,0.0,0.0,0.0,0.0,0.0,0.0,0.0,3600.000,0.000,0.0000,5.795,0.000,0.000,0.0,0.0,4000.000,0.000,0.0000,5.795,0.000,0.000,0.0,0.0,4000.000,0.000,0.0000,5.795,0.000,0.000,0.0,0.0,4000.000,0.000,0.0000,5.795,0.000,0.000,0.0,0.0,4000.000,0.000,0.0000,5.795,0.000,0.000,0.0,0.0,4000.000,0.000,0.0000,5.795,0.000,0.000,
34,34,motorway,33,35,"LINESTRING (-112.1150400 33.6546770, -112.0886300 33.6548700)",2.448820,1.521952,3.043903,48.270000,-11.730000,900.000000,-1100.000000,-1,,network_wide,-1,0,-1,-1,2.0,motorway,48.3,900.0,2.0,2.0,2.0,2.0,2.0,2.0,0.0,0.0,0.0,0.0,0.0,0.0,0.0,0.0,0.0,0.0,0.0,0.0,1800.0,4000.0,4000.0,4000.0,4000.0,4000.0,0.0,0.0,0.0,0.0,0.0,0.0,0.0000,0.0000,0.0000,0.0000,0.0000,0.0000,3.0,3.0,3.0,3.0,3.0,3.0,0.0,0.0,0.0,0.0,0.0,0.0,0.0,0.0,0.0,0.0,0.0,0.0,0.0,0.0,1800.000,0.000,0.0000,3.044,0.000,0.000,0.0,0.0,4000.000,0.000,0.0000,3.044,0.000,0.000,0.0,0.0,4000.000,0.000,0.0000,3.044,0.000,0.000,0.0,0.0,4000.000,0.000,0.0000,3.044,0.000,0.000,0.0,0.0,4000.000,0.000,0.0000,3.044,0.000,0.000,0.0,0.0,4000.000,0.000,0.0000,3.044,0.000,0.000,
35,35,trunk,35,34,"LINESTRING (-112.0886300 33.6548700, -112.0633880 33.6550440)",2.340500,1.454630,8.727781,16.090000,-43.910000,900.000000,-1100.000000,-1,,network_wide,-1,0,-1,-1,2.0,trunk,16.1,900.0,2.0,2.0,2.0,2.0,2.0,2.0,0.0,0.0,0.0,0.0,0.0,0.0,0.0,0.0,0.0,0.0,0.0,0.0,1800.0,4000.0,4000.0,4000.0,4000.0,4000.0,0.0,0.0,0.0,0.0,0.0,0.0,0.0000,0.0000,0.0000,0.0000,0.0000,0.0000,8.7,8.7,8.7,8.7,8.7,8.7,0.0,0.0,0.0,0.0,0.0,0.0,0.0,0.0,0.0,0.0,0.0,0.0,0.0,0.0,1800.000,0.000,0.0000,8.728,0.000,0.000,0.0,0.0,4000.000,0.000,0.0000,8.728,0.000,0.000,0.0,0.0,4000.000,0.000,0.0000,8.728,0.000,0.000,0.0,0.0,4000.000,0.000,0.0000,8.728,0.000,0.000,0.0,0.0,4000.000,0.000,0.0000,8.728,0.000,0.000,0.0,0.0,4000.000,0.000,0.0000,8.728,0.000,0.000,
36,36,motorway,36,31,"LINESTRING (-112.1688870 33.6606500, -112.1615350 33.6543710)",0.974320,0.605544,1.211088,48.270000,-11.730000,1000.000000,-1000.000000,-1,,network_wide,-1,0,-1,-1,3.0,motorway,48.3,1000.0,3.0,3.0,3.0,3.0,3.0,3.0,0.0,0.0,0.0,0.0,0.0,0.0,0.0,0.0,0.0,0.0,0.0,0.0,3000.0,6000.0,6000.0,6000.0,6000.0,6000.0,0.0,0.0,0.0,0.0,0.0,0.0,0.0000,0.0000,0.0000,0.0000,0.0000,0.0000,1.2,1.2,1.2,1.2,1.2,1.2,0.0,0.0,0.0,0.0,0.0,0.0,0.0,0.0,0.0,0.0,0.0,0.0,0.0,0.0,3000.000,0.000,0.0000,1.211,0.000,0.000,0.0,0.0,6000.000,0.000,0.0000,1.211,0.000,0.000,0.0,0.0,6000.000,0.000,0.0000,1.211,0.000,0.000,0.0,0.0,6000.000,0.000,0.0000,1.211,0.000,0.000,0.0,0.0,6000.000,0.000,0.0000,1.211,0.000,0.000,0.0,0.0,6000.000,0.000,0.0000,1.211,0.000,0.000,
37,37,motorway,31,36,"LINESTRING (-112.1615210 33.6543880, -112.1688730 33.6606660)",0.974250,0.605500,0.558923,104.585000,44.585000,1900.000000,-100.000000,-1,,network_wide,-1,0,-1,-1,3.0,motorway,104.6,1900.0,3.0,3.0,3.0,3.0,3.0,3.0,0.0,0.0,0.0,0.0,0.0,0.0,0.0,0.0,0.0,0.0,0.0,0.0,5700.0,6000.0,6000.0,6000.0,6000.0,6000.0,0.0,0.0,0.0,0.0,0.0,0.0,0.0000,0.0000,0.0000,0.0000,0.0000,0.0000,0.6,0.6,0.6,0.6,0.6,0.6,0.0,0.0,0.0,0.0,0.0,0.0,0.0,0.0,0.0,0.0,0.0,0.0,0.0,0.0,5700.000,0.000,0.0000,0.559,0.000,0.000,0.0,0.0,6000.000,0.000,0.0000,0.559,0.000,0.000,0.0,0.0,6000.000,0.000,0.0000,0.559,0.000,0.000,0.0,0.0,6000.000,0.000,0.0000,0.559,0.000,0.000,0.0,0.0,6000.000,0.000,0.0000,0.559,0.000,0.000,0.0,0.0,6000.000,0.000,0.0000,0.559,0.000,0.000,
38,38,motorway,31,37,"LINESTRING (-112.1615350 33.6543880, -112.1687240 33.6481020)",0.964400,0.599378,0.553272,104.585000,44.585000,1900.000000,-100.000000,-1,,network_wide,-1,0,-1,-1,3.0,motorway,104.6,1900.0,3.0,3.0,3.0,3.0,3.0,3.0,0.0,0.0,0.0,0.0,0.0,0.0,0.0,0.0,0.0,0.0,0.0,0.0,5700.0,6000.0,6000.0,6000.0,6000.0,6000.0,0.0,0.0,0.0,0.0,0.0,0.0,0.0000,0.0000,0.0000,0.0000,0.0000,0.0000,0.6,0.6,0.6,0.6,0.6,0.6,0.0,0.0,0.0,0.0,0.0,0.0,0.0,0.0,0.0,0.0,0.0,0.0,0.0,0.0,5700.000,0.000,0.0000,0.553,0.000,0.000,0.0,0.0,6000.000,0.000,0.0000,0.553,0.000,0.000,0.0,0.0,6000.000,0.000,0.0000,0.553,0.000,0.000,0.0,0.0,6000.000,0.000,0.0000,0.553,0.000,0.000,0.0,0.0,6000.000,0.000,0.0000,0.553,0.000,0.000,0.0,0.0,6000.000,0.000,0.0000,0.553,0.000,0.000,
39,39,motorway,37,31,"LINESTRING (-112.1687100 33.6480850, -112.1615210 33.6543710)",0.964400,0.599378,0.553272,104.585000,44.585000,1900.000000,-100.000000,-1,,network_wide,-1,0,-1,-1,3.0,motorway,104.6,1900.0,3.0,3.0,3.0,3.0,3.0,3.0,0.0,0.0,0.0,0.0,0.0,0.0,0.0,0.0,0.0,0.0,0.0,0.0,5700.0,6000.0,6000.0,6000.0,6000.0,6000.0,0.0,0.0,0.0,0.0,0.0,0.0,0.0000,0.0000,0.0000,0.0000,0.0000,0.0000,0.6,0.6,0.6,0.6,0.6,0.6,0.0,0.0,0.0,0.0,0.0,0.0,0.0,0.0,0.0,0.0,0.0,0.0,0.0,0.0,5700.000,0.000,0.0000,0.553,0.000,0.000,0.0,0.0,6000.000,0.000,0.0000,0.553,0.000,0.000,0.0,0.0,6000.000,0.000,0.0000,0.553,0.000,0.000,0.0,0.0,6000.000,0.000,0.0000,0.553,0.000,0.000,0.0,0.0,6000.000,0.000,0.0000,0.553,0.000,0.000,0.0,0.0,6000.000,0.000,0.0000,0.553,0.000,0.000,
40,40,motorway,38,33,"LINESTRING (-112.1175340 33.6624650, -112.1150510 33.6546850)",0.892780,0.554866,0.512184,104.585000,44.585000,1900.000000,-100.000000,-1,,network_wide,-1,0,-1,-1,3.0,motorway,104.6,1900.0,3.0,3.0,3.0,3.0,3.0,3.0,1.0,0.0,0.0,0.0,0.0,0.0,1.0,0.0,0.0,0.0,0.0,0.0,5700.0,6000.0,6000.0,6000.0,6000.0,6000.0,0.0,0.0,0.0,0.0,0.0,0.0,0.0018,0.0018,0.0018,0.0018,0.0018,0.0018,0.5,0.5,0.5,0.5,0.5,0.5,0.2,0.0,0.0,0.0,0.0,0.0,0.0,0.0,0.0,0.0,0.0,0.0,1.0,1.0,5700.000,0.000,0.0018,0.512,0.177,0.000,0.0,0.0,6000.000,0.000,0.0018,0.512,0.000,0.000,0.0,0.0,6000.000,0.000,0.0018,0.512,0.000,0.000,0.0,0.0,6000.000,0.000,0.0018,0.512,0.000,0.000,0.0,0.0,6000.000,0.000,0.0018,0.512,0.000,0.000,0.0,0.0,6000.000,0.000,0.0018,0.512,0.000,0.000,
41,41,motorway,33,38,"LINESTRING (-112.1150300 33.6546910, -112.1175130 33.6624720)",0.892880,0.554929,0.512242,104.585000,44.585000,1900.000000,-100.000000,-1,,network_wide,-1,0,-1,-1,3.0,motorway,104.6,1900.0,3.0,3.0,3.0,3.0,3.0,3.0,0.0,0.0,0.0,0.0,0.0,0.0,0.0,0.0,0.0,0.0,0.0,0.0,5700.0,6000.0,6000.0,6000.0,6000.0,6000.0,0.0,0.0,0.0,0.0,0.0,0.0,0.0000,0.0000,0.0000,0.0000,0.0000,0.0000,0.5,0.5,0.5,0.5,0.5,0.5,0.0,0.0,0.0,0.0,0.0,0.0,0.0,0.0,0.0,0.0,0.0,0.0,0.0,0.0,5700.000,0.000,0.0000,0.512,0.000,0.000,0.0,0.0,6000.000,0.000,0.0000,0.512,0.000,0.000,0.0,0.0,6000.000,0.000,0.0000,0.512,0.000,0.000,0.0,0.0,6000.000,0.000,0.0000,0.512,0.000,0.000,0.0,0.0,6000.000,0.000,0.0000,0.512,0.000,0.000,0.0,0.0,6000.000,0.000,0.0000,0.512,0.000,0.000,
42,42,motorway,33,39,"LINESTRING (-112.1150520 33.6546880, -112.1153660 33.6468330)",0.871390,0.541572,0.499913,104.585000,44.585000,1900.000000,-100.000000,-1,,network_wide,-1,0,-1,-1,3.0,motorway,104.6,1900.0,3.0,3.0,3.0,3.0,3.0,3.0,1.0,0.0,0.0,0.0,0.0,0.0,1.0,0.0,0.0,0.0,0.0,0.0,5700.0,6000.0,6000.0,6000.0,6000.0,6000.0,0.0,0.0,0.0,0.0,0.0,0.0,0.0018,0.0018,0.0018,0.0018,0.0018,0.0018,0.5,0.5,0.5,0.5,0.5,0.5,0.2,0.0,0.0,0.0,0.0,0.0,0.0,0.0,0.0,0.0,0.0,0.0,1.0,1.0,5700.000,0.000,0.0018,0.500,0.173,0.000,0.0,0.0,6000.000,0.000,0.0018,0.500,0.000,0.000,0.0,0.0,6000.000,0.000,0.0018,0.500,0.000,0.000,0.0,0.0,6000.000,0.000,0.0018,0.500,0.000,0.000,0.0,0.0,6000.000,0.000,0.0018,0.500,0.000,0.000,0.0,0.0,6000.000,0.000,0.0018,0.500,0.000,0.000,
43,43,motorway,39,33,"LINESTRING (-112.1153430 33.6468330, -112.1150290 33.6546880)",0.871390,0.541572,0.499913,104.585000,44.585000,1900.000000,-100.000000,-1,,network_wide,-1,0,-1,-1,3.0,motorway,104.6,1900.0,3.0,3.0,3.0,3.0,3.0,3.0,0.0,0.0,0.0,0.0,0.0,0.0,0.0,0.0,0.0,0.0,0.0,0.0,5700.0,6000.0,6000.0,6000.0,6000.0,6000.0,0.0,0.0,0.0,0.0,0.0,0.0,0.0000,0.0000,0.0000,0.0000,0.0000,0.0000,0.5,0.5,0.5,0.5,0.5,0.5,0.0,0.0,0.0,0.0,0.0,0.0,0.0,0.0,0.0,0.0,0.0,0.0,0.0,0.0,5700.000,0.000,0.0000,0.500,0.000,0.000,0.0,0.0,6000.000,0.000,0.0000,0.500,0.000,0.000,0.0,0.0,6000.000,0.000,0.0000,0.500,0.000,0.000,0.0,0.0,6000.000,0.000,0.0000,0.500,0.000,0.000,0.0,0.0,6000.000,0.000,0.0000,0.500,0.000,0.000,0.0,0.0,6000.000,0.000,0.0000,0.500,0.000,0.000,
44,44,motorway,40,35,"LINESTRING (-112.0943640 33.6604190, -112.0886370 33.6548730)",0.812430,0.504929,0.466088,104.585000,44.585000,1900.000000,-100.000000,-1,,network_wide,-1,0,-1,-1,3.0,motorway,104.6,1900.0,3.0,3.0,3.0,3.0,3.0,3.0,0.0,0.0,0.0,0.0,0.0,0.0,0.0,0.0,0.0,0.0,0.0,0.0,5700.0,6000.0,6000.0,6000.0,6000.0,6000.0,0.0,0.0,0.0,0.0,0.0,0.0,0.0000,0.0000,0.0000,0.0000,0.0000,0.0000,0.5,0.5,0.5,0.5,0.5,0.5,0.0,0.0,0.0,0.0,0.0,0.0,0.0,0.0,0.0,0.0,0.0,0.0,0.0,0.0,5700.000,0.000,0.0000,0.466,0.000,0.000,0.0,0.0,6000.000,0.000,0.0000,0.466,0.000,0.000,0.0,0.0,6000.000,0.000,0.0000,0.466,0.000,0.000,0.0,0.0,6000.000,0.000,0.0000,0.466,0.000,0.000,0.0,0.0,6000.000,0.000,0.0000,0.466,0.000,0.000,0.0,0.0,6000.000,0.000,0.0000,0.466,0.000,0.000,
45,45,motorway,35,40,"LINESTRING (-112.0886230 33.6548900, -112.0943490 33.6604350)",0.812290,0.504842,0.466008,104.585000,44.585000,1900.000000,-100.000000,-1,,network_wide,-1,0,-1,-1,3.0,motorway,104.6,1900.0,3.0,3.0,3.0,3.0,3.0,3.0,0.0,0.0,0.0,0.0,0.0,0.0,0.0,0.0,0.0,0.0,0.0,0.0,5700.0,6000.0,6000.0,6000.0,6000.0,6000.0,0.0,0.0,0.0,0.0,0.0,0.0,0.0000,0.0000,0.0000,0.0000,0.0000,0.0000,0.5,0.5,0.5,0.5,0.5,0.5,0.0,0.0,0.0,0.0,0.0,0.0,0.0,0.0,0.0,0.0,0.0,0.0,0.0,0.0,5700.000,0.000,0.0000,0.466,0.000,0.000,0.0,0.0,6000.000,0.000,0.0000,0.466,0.000,0.000,0.0,0.0,6000.000,0.000,0.0000,0.466,0.000,0.000,0.0,0.0,6000.000,0.000,0.0000,0.466,0.000,0.000,0.0,0.0,6000.000,0.000,0.0000,0.466,0.000,0.000,0.0,0.0,6000.000,0.000,0.0000,0.466,0.000,0.000,
46,46,motorway,35,41,"LINESTRING (-112.0886360 33.6548910, -112.0996530 33.6479270)",1.280510,0.795842,0.734624,104.585000,44.585000,1900.000000,-100.000000,-1,,network_wide,-1,0,-1,-1,3.0,motorway,104.6,1900.0,3.0,3.0,3.0,3.0,3.0,3.0,0.0,0.0,0.0,0.0,0.0,0.0,0.0,0.0,0.0,0.0,0.0,0.0,5700.0,6000.0,6000.0,6000.0,6000.0,6000.0,0.0,0.0,0.0,0.0,0.0,0.0,0.0000,0.0000,0.0000,0.0000,0.0000,0.0000,0.7,0.7,0.7,0.7,0.7,0.7,0.0,0.0,0.0,0.0,0.0,0.0,0.0,0.0,0.0,0.0,0.0,0.0,0.0,0.0,5700.000,0.000,0.0000,0.735,0.000,0.000,0.0,0.0,6000.000,0.000,0.0000,0.735,0.000,0.000,0.0,0.0,6000.000,0.000,0.0000,0.735,0.000,0.000,0.0,0.0,6000.000,0.000,0.0000,0.735,0.000,0.000,0.0,0.0,6000.000,0.000,0.0000,0.735,0.000,0.000,0.0,0.0,6000.000,0.000,0.0000,0.735,0.000,0.000,
47,47,motorway,41,35,"LINESTRING (-112.0996410 33.6479090, -112.0886240 33.6548720)",1.280430,0.795792,0.734578,104.585000,44.585000,1900.000000,-100.000000,-1,,network_wide,-1,0,-1,-1,3.0,motorway,104.6,1900.0,3.0,3.0,3.0,3.0,3.0,3.0,0.0,0.0,0.0,0.0,0.0,0.0,0.0,0.0,0.0,0.0,0.0,0.0,5700.0,6000.0,6000.0,6000.0,6000.0,6000.0,0.0,0.0,0.0,0.0,0.0,0.0,0.0000,0.0000,0.0000,0.0000,0.0000,0.0000,0.7,0.7,0.7,0.7,0.7,0.7,0.0,0.0,0.0,0.0,0.0,0.0,0.0,0.0,0.0,0.0,0.0,0.0,0.0,0.0,5700.000,0.000,0.0000,0.735,0.000,0.000,0.0,0.0,6000.000,0.000,0.0000,0.735,0.000,0.000,0.0,0.0,6000.000,0.000,0.0000,0.735,0.000,0.000,0.0,0.0,6000.000,0.000,0.0000,0.735,0.000,0.000,0.0,0.0,6000.000,0.000,0.0000,0.735,0.000,0.000,0.0,0.0,6000.000,0.000,0.0000,0.735,0.000,0.000,
48,48,motorway,4,36,"LINESTRING (-112.1827040 33.6676370, -112.1688800 33.6606580)",1.497090,0.930447,1.860895,48.270000,-11.730000,700.000000,-1300.000000,-1,,network_wide,-1,0,-1,-1,2.0,motorway,48.3,700.0,2.0,2.0,2.0,2.0,2.0,2.0,0.0,0.0,0.0,0.0,0.0,0.0,0.0,0.0,0.0,0.0,0.0,0.0,1400.0,4000.0,4000.0,4000.0,4000.0,4000.0,0.0,0.0,0.0,0.0,0.0,0.0,0.0000,0.0000,0.0000,0.0000,0.0000,0.0000,1.9,1.9,1.9,1.9,1.9,1.9,0.0,0.0,0.0,0.0,0.0,0.0,0.0,0.0,0.0,0.0,0.0,0.0,0.0,0.0,1400.000,0.000,0.0000,1.861,0.000,0.000,0.0,0.0,4000.000,0.000,0.0000,1.861,0.000,0.000,0.0,0.0,4000.000,0.000,0.0000,1.861,0.000,0.000,0.0,0.0,4000.000,0.000,0.0000,1.861,0.000,0.000,0.0,0.0,4000.000,0.000,0.0000,1.861,0.000,0.000,0.0,0.0,4000.000,0.000,0.0000,1.861,0.000,0.000,
49,49,motorway,2,34,"LINESTRING (-112.0298670 33.6552980, -112.0633880 33.6550670)",3.108150,1.931728,1.783133,104.585000,44.585000,1900.000000,-100.000000,-1,,network_wide,-1,0,-1,-1,3.0,motorway,104.6,1900.0,3.0,3.0,3.0,3.0,3.0,3.0,0.0,0.0,0.0,0.0,0.0,0.0,0.0,0.0,0.0,0.0,0.0,0.0,5700.0,6000.0,6000.0,6000.0,6000.0,6000.0,0.0,0.0,0.0,0.0,0.0,0.0,0.0000,0.0000,0.0000,0.0000,0.0000,0.0000,1.8,1.8,1.8,1.8,1.8,1.8,0.0,0.0,0.0,0.0,0.0,0.0,0.0,0.0,0.0,0.0,0.0,0.0,0.0,0.0,5700.000,0.000,0.0000,1.783,0.000,0.000,0.0,0.0,6000.000,0.000,0.0000,1.783,0.000,0.000,0.0,0.0,6000.000,0.000,0.0000,1.783,0.000,0.000,0.0,0.0,6000.000,0.000,0.0000,1.783,0.000,0.000,0.0,0.0,6000.000,0.000,0.0000,1.783,0.000,0.000,0.0,0.0,6000.000,0.000,0.0000,1.783,0.000,0.000,
50,50,motorway,34,35,"LINESTRING (-112.0633880 33.6550670, -112.0886300 33.6548930)",2.340500,1.454630,1.342736,104.585000,44.585000,1900.000000,-100.000000,-1,,network_wide,-1,0,-1,-1,3.0,motorway,104.6,1900.0,3.0,3.0,3.0,3.0,3.0,3.0,0.0,0.0,0.0,0.0,0.0,0.0,0.0,0.0,0.0,0.0,0.0,0.0,5700.0,6000.0,6000.0,6000.0,6000.0,6000.0,0.0,0.0,0.0,0.0,0.0,0.0,0.0000,0.0000,0.0000,0.0000,0.0000,0.0000,1.3,1.3,1.3,1.3,1.3,1.3,0.0,0.0,0.0,0.0,0.0,0.0,0.0,0.0,0.0,0.0,0.0,0.0,0.0,0.0,5700.000,0.000,0.0000,1.343,0.000,0.000,0.0,0.0,6000.000,0.000,0.0000,1.343,0.000,0.000,0.0,0.0,6000.000,0.000,0.0000,1.343,0.000,0.000,0.0,0.0,6000.000,0.000,0.0000,1.343,0.000,0.000,0.0,0.0,6000.000,0.000,0.0000,1.343,0.000,0.000,0.0,0.0,6000.000,0.000,0.0000,1.343,0.000,0.000,
51,51,motorway,35,33,"LINESTRING (-112.0886300 33.6548930, -112.1150410 33.6546990)",2.448910,1.522007,1.404930,104.585000,44.585000,1900.000000,-100.000000,-1,,network_wide,-1,0,-1,-1,3.0,motorway,104.6,1900.0,3.0,3.0,3.0,3.0,3.0,3.0,0.0,0.0,0.0,0.0,0.0,0.0,0.0,0.0,0.0,0.0,0.0,0.0,5700.0,6000.0,6000.0,6000.0,6000.0,6000.0,0.0,0.0,0.0,0.0,0.0,0.0,0.0000,0.0000,0.0000,0.0000,0.0000,0.0000,1.4,1.4,1.4,1.4,1.4,1.4,0.0,0.0,0.0,0.0,0.0,0.0,0.0,0.0,0.0,0.0,0.0,0.0,0.0,0.0,5700.000,0.000,0.0000,1.405,0.000,0.000,0.0,0.0,6000.000,0.000,0.0000,1.405,0.000,0.000,0.0,0.0,6000.000,0.000,0.0000,1.405,0.000,0.000,0.0,0.0,6000.000,0.000,0.0000,1.405,0.000,0.000,0.0,0.0,6000.000,0.000,0.0000,1.405,0.000,0.000,0.0,0.0,6000.000,0.000,0.0000,1.405,0.000,0.000,
52,52,motorway,33,32,"LINESTRING (-112.1150410 33.6546990, -112.1364880 33.6545630)",1.988620,1.235935,1.140863,104.585000,44.585000,1900.000000,-100.000000,-1,,network_wide,-1,0,-1,-1,3.0,motorway,104.6,1900.0,3.0,3.0,3.0,3.0,3.0,3.0,0.0,0.0,0.0,0.0,0.0,0.0,0.0,0.0,0.0,0.0,0.0,0.0,5700.0,6000.0,6000.0,6000.0,6000.0,6000.0,0.0,0.0,0.0,0.0,0.0,0.0,0.0000,0.0000,0.0000,0.0000,0.0000,0.0000,1.1,1.1,1.1,1.1,1.1,1.1,0.0,0.0,0.0,0.0,0.0,0.0,0.0,0.0,0.0,0.0,0.0,0.0,0.0,0.0,5700.000,0.000,0.0000,1.141,0.000,0.000,0.0,0.0,6000.000,0.000,0.0000,1.141,0.000,0.000,0.0,0.0,6000.000,0.000,0.0000,1.141,0.000,0.000,0.0,0.0,6000.000,0.000,0.0000,1.141,0.000,0.000,0.0,0.0,6000.000,0.000,0.0000,1.141,0.000,0.000,0.0,0.0,6000.000,0.000,0.0000,1.141,0.000,0.000,
53,53,motorway,32,31,"LINESTRING (-112.1364880 33.6545630, -112.1615280 33.6543910)",2.321790,1.443002,1.332002,104.585000,44.585000,1900.000000,-100.000000,-1,,network_wide,-1,0,-1,-1,3.0,motorway,104.6,1900.0,3.0,3.0,3.0,3.0,3.0,3.0,0.0,0.0,0.0,0.0,0.0,0.0,0.0,0.0,0.0,0.0,0.0,0.0,5700.0,6000.0,6000.0,6000.0,6000.0,6000.0,0.0,0.0,0.0,0.0,0.0,0.0,0.0000,0.0000,0.0000,0.0000,0.0000,0.0000,1.3,1.3,1.3,1.3,1.3,1.3,0.0,0.0,0.0,0.0,0.0,0.0,0.0,0.0,0.0,0.0,0.0,0.0,0.0,0.0,5700.000,0.000,0.0000,1.332,0.000,0.000,0.0,0.0,6000.000,0.000,0.0000,1.332,0.000,0.000,0.0,0.0,6000.000,0.000,0.0000,1.332,0.000,0.000,0.0,0.0,6000.000,0.000,0.0000,1.332,0.000,0.000,0.0,0.0,6000.000,0.000,0.0000,1.332,0.000,0.000,0.0,0.0,6000.000,0.000,0.0000,1.332,0.000,0.000,
54,54,motorway,31,30,"LINESTRING (-112.1615280 33.6543910, -112.1885880 33.6542040)",2.509090,1.559410,1.439455,104.585000,44.585000,1900.000000,-100.000000,-1,,network_wide,-1,0,-1,-1,3.0,motorway,104.6,1900.0,3.0,3.0,3.0,3.0,3.0,3.0,0.0,0.0,0.0,0.0,0.0,0.0,0.0,0.0,0.0,0.0,0.0,0.0,5700.0,6000.0,6000.0,6000.0,6000.0,6000.0,0.0,0.0,0.0,0.0,0.0,0.0,0.0000,0.0000,0.0000,0.0000,0.0000,0.0000,1.4,1.4,1.4,1.4,1.4,1.4,0.0,0.0,0.0,0.0,0.0,0.0,0.0,0.0,0.0,0.0,0.0,0.0,0.0,0.0,5700.000,0.000,0.0000,1.439,0.000,0.000,0.0,0.0,6000.000,0.000,0.0000,1.439,0.000,0.000,0.0,0.0,6000.000,0.000,0.0000,1.439,0.000,0.000,0.0,0.0,6000.000,0.000,0.0000,1.439,0.000,0.000,0.0,0.0,6000.000,0.000,0.0000,1.439,0.000,0.000,0.0,0.0,6000.000,0.000,0.0000,1.439,0.000,0.000,
55,55,motorway,30,1,"LINESTRING (-112.1885880 33.6542040, -112.2164130 33.6539380)",2.580120,1.603555,1.480205,104.585000,44.585000,1900.000000,-100.000000,-1,,network_wide,-1,0,-1,-1,3.0,motorway,104.6,1900.0,3.0,3.0,3.0,3.0,3.0,3.0,0.0,0.0,0.0,0.0,0.0,0.0,0.0,0.0,0.0,0.0,0.0,0.0,5700.0,6000.0,6000.0,6000.0,6000.0,6000.0,0.0,0.0,0.0,0.0,0.0,0.0,0.0000,0.0000,0.0000,0.0000,0.0000,0.0000,1.5,1.5,1.5,1.5,1.5,1.5,0.0,0.0,0.0,0.0,0.0,0.0,0.0,0.0,0.0,0.0,0.0,0.0,0.0,0.0,5700.000,0.000,0.0000,1.480,0.000,0.000,0.0,0.0,6000.000,0.000,0.0000,1.480,0.000,0.000,0.0,0.0,6000.000,0.000,0.0000,1.480,0.000,0.000,0.0,0.0,6000.000,0.000,0.0000,1.480,0.000,0.000,0.0,0.0,6000.000,0.000,0.0000,1.480,0.000,0.000,0.0,0.0,6000.000,0.000,0.0000,1.480,0.000,0.000,
56,56,motorway,7,38,"LINESTRING (-112.1203160 33.6680620, -112.1175340 33.6624630)",0.672220,0.417787,0.385650,104.585000,44.585000,1900.000000,-100.000000,-1,,network_wide,-1,0,-1,-1,1.0,motorway,104.6,1900.0,1.0,1.0,1.0,1.0,1.0,1.0,1.0,0.0,0.0,0.0,0.0,0.0,1.0,0.0,0.0,0.0,0.0,0.0,1900.0,2000.0,2000.0,2000.0,2000.0,2000.0,0.0,0.0,0.0,0.0,0.0,0.0,0.0053,0.0053,0.0053,0.0053,0.0053,0.0053,0.4,0.4,0.4,0.4,0.4,0.4,0.1,0.0,0.0,0.0,0.0,0.0,0.0,0.0,0.0,0.0,0.0,0.0,1.0,1.0,1900.000,0.000,0.0053,0.386,0.134,0.000,0.0,0.0,2000.000,0.000,0.0053,0.386,0.000,0.000,0.0,0.0,2000.000,0.000,0.0053,0.386,0.000,0.000,0.0,0.0,2000.000,0.000,0.0053,0.386,0.000,0.000,0.0,0.0,2000.000,0.000,0.0053,0.386,0.000,0.000,0.0,0.0,2000.000,0.000,0.0053,0.386,0.000,0.000,
57,57,motorway,38,7,"LINESTRING (-112.1175130 33.6624740, -112.1202960 33.6680720)",0.672160,0.417750,0.385616,104.585000,44.585000,1900.000000,-100.000000,-1,,network_wide,-1,0,-1,-1,1.0,motorway,104.6,1900.0,1.0,1.0,1.0,1.0,1.0,1.0,0.0,0.0,0.0,0.0,0.0,0.0,0.0,0.0,0.0,0.0,0.0,0.0,1900.0,2000.0,2000.0,2000.0,2000.0,2000.0,0.0,0.0,0.0,0.0,0.0,0.0,0.0000,0.0000,0.0000,0.0000,0.0000,0.0000,0.4,0.4,0.4,0.4,0.4,0.4,0.0,0.0,0.0,0.0,0.0,0.0,0.0,0.0,0.0,0.0,0.0,0.0,0.0,0.0,1900.000,0.000,0.0000,0.386,0.000,0.000,0.0,0.0,2000.000,0.000,0.0000,0.386,0.000,0.000,0.0,0.0,2000.000,0.000,0.0000,0.386,0.000,0.000,0.0,0.0,2000.000,0.000,0.0000,0.386,0.000,0.000,0.0,0.0,2000.000,0.000,0.0000,0.386,0.000,0.000,0.0,0.0,2000.000,0.000,0.0000,0.386,0.000,0.000,
58,58,motorway,39,23,"LINESTRING (-112.1153650 33.6468360, -112.1173500 33.6398730)",0.793640,0.493250,0.455308,104.585000,44.585000,1900.000000,-100.000000,-1,,network_wide,-1,0,-1,-1,1.0,motorway,104.6,1900.0,1.0,1.0,1.0,1.0,1.0,1.0,1.0,0.0,0.0,0.0,0.0,0.0,1.0,0.0,0.0,0.0,0.0,0.0,1900.0,2000.0,2000.0,2000.0,2000.0,2000.0,0.0,0.0,0.0,0.0,0.0,0.0,0.0053,0.0053,0.0053,0.0053,0.0053,0.0053,0.5,0.5,0.5,0.5,0.5,0.5,0.2,0.0,0.0,0.0,0.0,0.0,0.0,0.0,0.0,0.0,0.0,0.0,1.0,1.0,1900.000,0.000,0.0053,0.455,0.158,0.000,0.0,0.0,2000.000,0.000,0.0053,0.455,0.000,0.000,0.0,0.0,2000.000,0.000,0.0053,0.455,0.000,0.000,0.0,0.0,2000.000,0.000,0.0053,0.455,0.000,0.000,0.0,0.0,2000.000,0.000,0.0053,0.455,0.000,0.000,0.0,0.0,2000.000,0.000,0.0053,0.455,0.000,0.000,
59,59,motorway,23,39,"LINESTRING (-112.1173300 33.6398670, -112.1153440 33.6468300)",0.793660,0.493263,0.455320,104.585000,44.585000,1900.000000,-100.000000,-1,,network_wide,-1,0,-1,-1,1.0,motorway,104.6,1900.0,1.0,1.0,1.0,1.0,1.0,1.0,0.0,0.0,0.0,0.0,0.0,0.0,0.0,0.0,0.0,0.0,0.0,0.0,1900.0,2000.0,2000.0,2000.0,2000.0,2000.0,0.0,0.0,0.0,0.0,0.0,0.0,0.0000,0.0000,0.0000,0.0000,0.0000,0.0000,0.5,0.5,0.5,0.5,0.5,0.5,0.0,0.0,0.0,0.0,0.0,0.0,0.0,0.0,0.0,0.0,0.0,0.0,0.0,0.0,1900.000,0.000,0.0000,0.455,0.000,0.000,0.0,0.0,2000.000,0.000,0.0000,0.455,0.000,0.000,0.0,0.0,2000.000,0.000,0.0000,0.455,0.000,0.000,0.0,0.0,2000.000,0.000,0.0000,0.455,0.000,0.000,0.0,0.0,2000.000,0.000,0.0000,0.455,0.000,0.000,0.0,0.0,2000.000,0.000,0.0000,0.455,0.000,0.000,
60,60,motorway,7,42,"LINESTRING (-112.1202950 33.6680650, -112.1196100 33.6714100)",0.376270,0.233853,0.215865,104.585000,44.585000,1900.000000,-100.000000,-1,,network_wide,-1,0,-1,-1,1.0,motorway,104.6,1900.0,1.0,1.0,1.0,1.0,1.0,1.0,1.0,0.0,0.0,0.0,0.0,0.0,1.0,0.0,0.0,0.0,0.0,0.0,1900.0,2000.0,2000.0,2000.0,2000.0,2000.0,0.0,0.0,0.0,0.0,0.0,0.0,0.0053,0.0053,0.0053,0.0053,0.0053,0.0053,0.2,0.2,0.2,0.2,0.2,0.2,0.1,0.0,0.0,0.0,0.0,0.0,0.0,0.0,0.0,0.0,0.0,0.0,1.0,1.0,1900.000,0.000,0.0053,0.216,0.075,0.000,0.0,0.0,2000.000,0.000,0.0053,0.216,0.000,0.000,0.0,0.0,2000.000,0.000,0.0053,0.216,0.000,0.000,0.0,0.0,2000.000,0.000,0.0053,0.216,0.000,0.000,0.0,0.0,2000.000,0.000,0.0053,0.216,0.000,0.000,0.0,0.0,2000.000,0.000,0.0053,0.216,0.000,0.000,
61,61,motorway,42,7,"LINESTRING (-112.1196330 33.6714140, -112.1203170 33.6680690)",0.376250,0.233841,0.215853,104.585000,44.585000,1900.000000,-100.000000,-1,,network_wide,-1,0,-1,-1,1.0,motorway,104.6,1900.0,1.0,1.0,1.0,1.0,1.0,1.0,1.0,0.0,0.0,0.0,0.0,0.0,1.0,0.0,0.0,0.0,0.0,0.0,1900.0,2000.0,2000.0,2000.0,2000.0,2000.0,0.0,0.0,0.0,0.0,0.0,0.0,0.0053,0.0053,0.0053,0.0053,0.0053,0.0053,0.2,0.2,0.2,0.2,0.2,0.2,0.1,0.0,0.0,0.0,0.0,0.0,0.0,0.0,0.0,0.0,0.0,0.0,1.0,1.0,1900.000,0.000,0.0053,0.216,0.075,0.000,0.0,0.0,2000.000,0.000,0.0053,0.216,0.000,0.000,0.0,0.0,2000.000,0.000,0.0053,0.216,0.000,0.000,0.0,0.0,2000.000,0.000,0.0053,0.216,0.000,0.000,0.0,0.0,2000.000,0.000,0.0053,0.216,0.000,0.000,0.0,0.0,2000.000,0.000,0.0053,0.216,0.000,0.000,
62,62,motorway,23,43,"LINESTRING (-112.1173510 33.6398690, -112.1169600 33.6348570)",0.556880,0.346103,0.319480,104.585000,44.585000,1900.000000,-100.000000,-1,,network_wide,-1,0,-1,-1,1.0,motorway,104.6,1900.0,1.0,1.0,1.0,1.0,1.0,1.0,1.0,0.0,0.0,0.0,0.0,0.0,1.0,0.0,0.0,0.0,0.0,0.0,1900.0,2000.0,2000.0,2000.0,2000.0,2000.0,0.0,0.0,0.0,0.0,0.0,0.0,0.0053,0.0053,0.0053,0.0053,0.0053,0.0053,0.3,0.3,0.3,0.3,0.3,0.3,0.1,0.0,0.0,0.0,0.0,0.0,0.0,0.0,0.0,0.0,0.0,0.0,1.0,1.0,1900.000,0.000,0.0053,0.319,0.111,0.000,0.0,0.0,2000.000,0.000,0.0053,0.319,0.000,0.000,0.0,0.0,2000.000,0.000,0.0053,0.319,0.000,0.000,0.0,0.0,2000.000,0.000,0.0053,0.319,0.000,0.000,0.0,0.0,2000.000,0.000,0.0053,0.319,0.000,0.000,0.0,0.0,2000.000,0.000,0.0053,0.319,0.000,0.000,
63,63,motorway,43,23,"LINESTRING (-112.1169370 33.6348590, -112.1173290 33.6398710)",0.556870,0.346097,0.319474,104.585000,44.585000,1900.000000,-100.000000,-1,,network_wide,-1,0,-1,-1,1.0,motorway,104.6,1900.0,1.0,1.0,1.0,1.0,1.0,1.0,1.0,0.0,0.0,0.0,0.0,0.0,1.0,0.0,0.0,0.0,0.0,0.0,1900.0,2000.0,2000.0,2000.0,2000.0,2000.0,0.0,0.0,0.0,0.0,0.0,0.0,0.0053,0.0053,0.0053,0.0053,0.0053,0.0053,0.3,0.3,0.3,0.3,0.3,0.3,0.1,0.0,0.0,0.0,0.0,0.0,0.0,0.0,0.0,0.0,0.0,0.0,1.0,1.0,1900.000,0.000,0.0053,0.319,0.111,0.000,0.0,0.0,2000.000,0.000,0.0053,0.319,0.000,0.000,0.0,0.0,2000.000,0.000,0.0053,0.319,0.000,0.000,0.0,0.0,2000.000,0.000,0.0053,0.319,0.000,0.000,0.0,0.0,2000.000,0.000,0.0053,0.319,0.000,0.000,0.0,0.0,2000.000,0.000,0.0053,0.319,0.000,0.000,
64,64,motorway,11,44,"LINESTRING (-112.0461960 33.6685660, -112.0057270 33.6687410)",3.751730,2.331715,2.152353,104.585000,44.585000,1900.000000,-100.000000,-1,,network_wide,-1,0,-1,-1,1.0,motorway,104.6,1900.0,1.0,1.0,1.0,1.0,1.0,1.0,0.0,0.0,0.0,0.0,0.0,0.0,0.0,0.0,0.0,0.0,0.0,0.0,1900.0,2000.0,2000.0,2000.0,2000.0,2000.0,0.0,0.0,0.0,0.0,0.0,0.0,0.0000,0.0000,0.0000,0.0000,0.0000,0.0000,2.2,2.2,2.2,2.2,2.2,2.2,0.0,0.0,0.0,0.0,0.0,0.0,0.0,0.0,0.0,0.0,0.0,0.0,0.0,0.0,1900.000,0.000,0.0000,2.152,0.000,0.000,0.0,0.0,2000.000,0.000,0.0000,2.152,0.000,0.000,0.0,0.0,2000.000,0.000,0.0000,2.152,0.000,0.000,0.0,0.0,2000.000,0.000,0.0000,2.152,0.000,0.000,0.0,0.0,2000.000,0.000,0.0000,2.152,0.000,0.000,0.0,0.0,2000.000,0.000,0.0000,2.152,0.000,0.000,
65,65,motorway,44,11,"LINESTRING (-112.0057270 33.6687640, -112.0461960 33.6685890)",3.751720,2.331709,2.152347,104.585000,44.585000,1900.000000,-100.000000,-1,,network_wide,-1,0,-1,-1,1.0,motorway,104.6,1900.0,1.0,1.0,1.0,1.0,1.0,1.0,0.0,0.0,0.0,0.0,0.0,0.0,0.0,0.0,0.0,0.0,0.0,0.0,1900.0,2000.0,2000.0,2000.0,2000.0,2000.0,0.0,0.0,0.0,0.0,0.0,0.0,0.0000,0.0000,0.0000,0.0000,0.0000,0.0000,2.2,2.2,2.2,2.2,2.2,2.2,0.0,0.0,0.0,0.0,0.0,0.0,0.0,0.0,0.0,0.0,0.0,0.0,0.0,0.0,1900.000,0.000,0.0000,2.152,0.000,0.000,0.0,0.0,2000.000,0.000,0.0000,2.152,0.000,0.000,0.0,0.0,2000.000,0.000,0.0000,2.152,0.000,0.000,0.0,0.0,2000.000,0.000,0.0000,2.152,0.000,0.000,0.0,0.0,2000.000,0.000,0.0000,2.152,0.000,0.000,0.0,0.0,2000.000,0.000,0.0000,2.152,0.000,0.000,
66,66,motorway,44,45,"LINESTRING (-112.0057270 33.6687410, -111.9637300 33.6676120)",3.895360,2.420982,2.234753,104.585000,44.585000,1900.000000,-100.000000,-1,,network_wide,-1,0,-1,-1,1.0,motorway,104.6,1900.0,1.0,1.0,1.0,1.0,1.0,1.0,0.0,0.0,0.0,0.0,0.0,0.0,0.0,0.0,0.0,0.0,0.0,0.0,1900.0,2000.0,2000.0,2000.0,2000.0,2000.0,0.0,0.0,0.0,0.0,0.0,0.0,0.0000,0.0000,0.0000,0.0000,0.0000,0.0000,2.2,2.2,2.2,2.2,2.2,2.2,0.0,0.0,0.0,0.0,0.0,0.0,0.0,0.0,0.0,0.0,0.0,0.0,0.0,0.0,1900.000,0.000,0.0000,2.235,0.000,0.000,0.0,0.0,2000.000,0.000,0.0000,2.235,0.000,0.000,0.0,0.0,2000.000,0.000,0.0000,2.235,0.000,0.000,0.0,0.0,2000.000,0.000,0.0000,2.235,0.000,0.000,0.0,0.0,2000.000,0.000,0.0000,2.235,0.000,0.000,0.0,0.0,2000.000,0.000,0.0000,2.235,0.000,0.000,
67,67,motorway,45,44,"LINESTRING (-111.9637300 33.6676350, -112.0057270 33.6687640)",3.895370,2.420988,2.234758,104.585000,44.585000,1900.000000,-100.000000,-1,,network_wide,-1,0,-1,-1,1.0,motorway,104.6,1900.0,1.0,1.0,1.0,1.0,1.0,1.0,0.0,0.0,0.0,0.0,0.0,0.0,0.0,0.0,0.0,0.0,0.0,0.0,1900.0,2000.0,2000.0,2000.0,2000.0,2000.0,0.0,0.0,0.0,0.0,0.0,0.0,0.0000,0.0000,0.0000,0.0000,0.0000,0.0000,2.2,2.2,2.2,2.2,2.2,2.2,0.0,0.0,0.0,0.0,0.0,0.0,0.0,0.0,0.0,0.0,0.0,0.0,0.0,0.0,1900.000,0.000,0.0000,2.235,0.000,0.000,0.0,0.0,2000.000,0.000,0.0000,2.235,0.000,0.000,0.0,0.0,2000.000,0.000,0.0000,2.235,0.000,0.000,0.0,0.0,2000.000,0.000,0.0000,2.235,0.000,0.000,0.0,0.0,2000.000,0.000,0.0000,2.235,0.000,0.000,0.0,0.0,2000.000,0.000,0.0000,2.235,0.000,0.000,
68,68,motorway,45,46,"LINESTRING (-111.9637320 33.6676120, -111.9328960 33.6627590)",2.908970,1.807937,1.668865,104.585000,44.585000,1900.000000,-100.000000,-1,,network_wide,-1,0,-1,-1,1.0,motorway,104.6,1900.0,1.0,1.0,1.0,1.0,1.0,1.0,0.0,0.0,0.0,0.0,0.0,0.0,0.0,0.0,0.0,0.0,0.0,0.0,1900.0,2000.0,2000.0,2000.0,2000.0,2000.0,0.0,0.0,0.0,0.0,0.0,0.0,0.0000,0.0000,0.0000,0.0000,0.0000,0.0000,1.7,1.7,1.7,1.7,1.7,1.7,0.0,0.0,0.0,0.0,0.0,0.0,0.0,0.0,0.0,0.0,0.0,0.0,0.0,0.0,1900.000,0.000,0.0000,1.669,0.000,0.000,0.0,0.0,2000.000,0.000,0.0000,1.669,0.000,0.000,0.0,0.0,2000.000,0.000,0.0000,1.669,0.000,0.000,0.0,0.0,2000.000,0.000,0.0000,1.669,0.000,0.000,0.0,0.0,2000.000,0.000,0.0000,1.669,0.000,0.000,0.0,0.0,2000.000,0.000,0.0000,1.669,0.000,0.000,
69,69,motorway,46,45,"LINESTRING (-111.9328920 33.6627820, -111.9637280 33.6676350)",2.908960,1.807930,1.668859,104.585000,44.585000,1900.000000,-100.000000,-1,,network_wide,-1,0,-1,-1,1.0,motorway,104.6,1900.0,1.0,1.0,1.0,1.0,1.0,1.0,0.0,0.0,0.0,0.0,0.0,0.0,0.0,0.0,0.0,0.0,0.0,0.0,1900.0,2000.0,2000.0,2000.0,2000.0,2000.0,0.0,0.0,0.0,0.0,0.0,0.0,0.0000,0.0000,0.0000,0.0000,0.0000,0.0000,1.7,1.7,1.7,1.7,1.7,1.7,0.0,0.0,0.0,0.0,0.0,0.0,0.0,0.0,0.0,0.0,0.0,0.0,0.0,0.0,1900.000,0.000,0.0000,1.669,0.000,0.000,0.0,0.0,2000.000,0.000,0.0000,1.669,0.000,0.000,0.0,0.0,2000.000,0.000,0.0000,1.669,0.000,0.000,0.0,0.0,2000.000,0.000,0.0000,1.669,0.000,0.000,0.0,0.0,2000.000,0.000,0.0000,1.669,0.000,0.000,0.0,0.0,2000.000,0.000,0.0000,1.669,0.000,0.000,
70,70,motorway,2,47,"LINESTRING (-112.0298670 33.6552750, -112.0024700 33.6548840)",2.540600,1.578993,1.457532,104.585000,44.585000,1900.000000,-100.000000,-1,,network_wide,-1,0,-1,-1,1.0,motorway,104.6,1900.0,1.0,1.0,1.0,1.0,1.0,1.0,0.0,0.0,0.0,0.0,0.0,0.0,0.0,0.0,0.0,0.0,0.0,0.0,1900.0,2000.0,2000.0,2000.0,2000.0,2000.0,0.0,0.0,0.0,0.0,0.0,0.0,0.0000,0.0000,0.0000,0.0000,0.0000,0.0000,1.5,1.5,1.5,1.5,1.5,1.5,0.0,0.0,0.0,0.0,0.0,0.0,0.0,0.0,0.0,0.0,0.0,0.0,0.0,0.0,1900.000,0.000,0.0000,1.458,0.000,0.000,0.0,0.0,2000.000,0.000,0.0000,1.458,0.000,0.000,0.0,0.0,2000.000,0.000,0.0000,1.458,0.000,0.000,0.0,0.0,2000.000,0.000,0.0000,1.458,0.000,0.000,0.0,0.0,2000.000,0.000,0.0000,1.458,0.000,0.000,0.0,0.0,2000.000,0.000,0.0000,1.458,0.000,0.000,
71,71,motorway,47,2,"LINESTRING (-112.0024700 33.6549070, -112.0298670 33.6552980)",2.540600,1.578993,1.457532,104.585000,44.585000,1900.000000,-100.000000,-1,,network_wide,-1,0,-1,-1,1.0,motorway,104.6,1900.0,1.0,1.0,1.0,1.0,1.0,1.0,0.0,0.0,0.0,0.0,0.0,0.0,0.0,0.0,0.0,0.0,0.0,0.0,1900.0,2000.0,2000.0,2000.0,2000.0,2000.0,0.0,0.0,0.0,0.0,0.0,0.0,0.0000,0.0000,0.0000,0.0000,0.0000,0.0000,1.5,1.5,1.5,1.5,1.5,1.5,0.0,0.0,0.0,0.0,0.0,0.0,0.0,0.0,0.0,0.0,0.0,0.0,0.0,0.0,1900.000,0.000,0.0000,1.458,0.000,0.000,0.0,0.0,2000.000,0.000,0.0000,1.458,0.000,0.000,0.0,0.0,2000.000,0.000,0.0000,1.458,0.000,0.000,0.0,0.0,2000.000,0.000,0.0000,1.458,0.000,0.000,0.0,0.0,2000.000,0.000,0.0000,1.458,0.000,0.000,0.0,0.0,2000.000,0.000,0.0000,1.458,0.000,0.000,
72,72,motorway,47,48,"LINESTRING (-112.0024700 33.6548840, -111.9642080 33.6536280)",3.550400,2.206588,2.036850,104.585000,44.585000,1900.000000,-100.000000,-1,,network_wide,-1,0,-1,-1,1.0,motorway,104.6,1900.0,1.0,1.0,1.0,1.0,1.0,1.0,0.0,0.0,0.0,0.0,0.0,0.0,0.0,0.0,0.0,0.0,0.0,0.0,1900.0,2000.0,2000.0,2000.0,2000.0,2000.0,0.0,0.0,0.0,0.0,0.0,0.0,0.0000,0.0000,0.0000,0.0000,0.0000,0.0000,2.0,2.0,2.0,2.0,2.0,2.0,0.0,0.0,0.0,0.0,0.0,0.0,0.0,0.0,0.0,0.0,0.0,0.0,0.0,0.0,1900.000,0.000,0.0000,2.037,0.000,0.000,0.0,0.0,2000.000,0.000,0.0000,2.037,0.000,0.000,0.0,0.0,2000.000,0.000,0.0000,2.037,0.000,0.000,0.0,0.0,2000.000,0.000,0.0000,2.037,0.000,0.000,0.0,0.0,2000.000,0.000,0.0000,2.037,0.000,0.000,0.0,0.0,2000.000,0.000,0.0000,2.037,0.000,0.000,
73,73,motorway,48,47,"LINESTRING (-111.9642070 33.6536510, -112.0024700 33.6549070)",3.550490,2.206644,2.036902,104.585000,44.585000,1900.000000,-100.000000,-1,,network_wide,-1,0,-1,-1,1.0,motorway,104.6,1900.0,1.0,1.0,1.0,1.0,1.0,1.0,0.0,0.0,0.0,0.0,0.0,0.0,0.0,0.0,0.0,0.0,0.0,0.0,1900.0,2000.0,2000.0,2000.0,2000.0,2000.0,0.0,0.0,0.0,0.0,0.0,0.0,0.0000,0.0000,0.0000,0.0000,0.0000,0.0000,2.0,2.0,2.0,2.0,2.0,2.0,0.0,0.0,0.0,0.0,0.0,0.0,0.0,0.0,0.0,0.0,0.0,0.0,0.0,0.0,1900.000,0.000,0.0000,2.037,0.000,0.000,0.0,0.0,2000.000,0.000,0.0000,2.037,0.000,0.000,0.0,0.0,2000.000,0.000,0.0000,2.037,0.000,0.000,0.0,0.0,2000.000,0.000,0.0000,2.037,0.000,0.000,0.0,0.0,2000.000,0.000,0.0000,2.037,0.000,0.000,0.0,0.0,2000.000,0.000,0.0000,2.037,0.000,0.000,
74,74,motorway,48,49,"LINESTRING (-111.9642070 33.6536280, -111.9297020 33.6539670)",3.199560,1.988539,1.835575,104.585000,44.585000,1900.000000,-100.000000,-1,,network_wide,-1,0,-1,-1,1.0,motorway,104.6,1900.0,1.0,1.0,1.0,1.0,1.0,1.0,0.0,0.0,0.0,0.0,0.0,0.0,0.0,0.0,0.0,0.0,0.0,0.0,1900.0,2000.0,2000.0,2000.0,2000.0,2000.0,0.0,0.0,0.0,0.0,0.0,0.0,0.0000,0.0000,0.0000,0.0000,0.0000,0.0000,1.8,1.8,1.8,1.8,1.8,1.8,0.0,0.0,0.0,0.0,0.0,0.0,0.0,0.0,0.0,0.0,0.0,0.0,0.0,0.0,1900.000,0.000,0.0000,1.836,0.000,0.000,0.0,0.0,2000.000,0.000,0.0000,1.836,0.000,0.000,0.0,0.0,2000.000,0.000,0.0000,1.836,0.000,0.000,0.0,0.0,2000.000,0.000,0.0000,1.836,0.000,0.000,0.0,0.0,2000.000,0.000,0.0000,1.836,0.000,0.000,0.0,0.0,2000.000,0.000,0.0000,1.836,0.000,0.000,
75,75,motorway,49,48,"LINESTRING (-111.9297020 33.6539900, -111.9642080 33.6536510)",3.199650,1.988595,1.835627,104.585000,44.585000,1900.000000,-100.000000,-1,,network_wide,-1,0,-1,-1,1.0,motorway,104.6,1900.0,1.0,1.0,1.0,1.0,1.0,1.0,0.0,0.0,0.0,0.0,0.0,0.0,0.0,0.0,0.0,0.0,0.0,0.0,1900.0,2000.0,2000.0,2000.0,2000.0,2000.0,0.0,0.0,0.0,0.0,0.0,0.0,0.0000,0.0000,0.0000,0.0000,0.0000,0.0000,1.8,1.8,1.8,1.8,1.8,1.8,0.0,0.0,0.0,0.0,0.0,0.0,0.0,0.0,0.0,0.0,0.0,0.0,0.0,0.0,1900.000,0.000,0.0000,1.836,0.000,0.000,0.0,0.0,2000.000,0.000,0.0000,1.836,0.000,0.000,0.0,0.0,2000.000,0.000,0.0000,1.836,0.000,0.000,0.0,0.0,2000.000,0.000,0.0000,1.836,0.000,0.000,0.0,0.0,2000.000,0.000,0.0000,1.836,0.000,0.000,0.0,0.0,2000.000,0.000,0.0000,1.836,0.000,0.000,
76,76,motorway,44,47,"LINESTRING (-112.0057380 33.6687500, -112.0024800 33.6548930)",1.565760,0.973126,0.898270,104.585000,44.585000,1900.000000,-100.000000,-1,,network_wide,-1,0,-1,-1,1.0,motorway,104.6,1900.0,1.0,1.0,1.0,1.0,1.0,1.0,0.0,0.0,0.0,0.0,0.0,0.0,0.0,0.0,0.0,0.0,0.0,0.0,1900.0,2000.0,2000.0,2000.0,2000.0,2000.0,0.0,0.0,0.0,0.0,0.0,0.0,0.0000,0.0000,0.0000,0.0000,0.0000,0.0000,0.9,0.9,0.9,0.9,0.9,0.9,0.0,0.0,0.0,0.0,0.0,0.0,0.0,0.0,0.0,0.0,0.0,0.0,0.0,0.0,1900.000,0.000,0.0000,0.898,0.000,0.000,0.0,0.0,2000.000,0.000,0.0000,0.898,0.000,0.000,0.0,0.0,2000.000,0.000,0.0000,0.898,0.000,0.000,0.0,0.0,2000.000,0.000,0.0000,0.898,0.000,0.000,0.0,0.0,2000.000,0.000,0.0000,0.898,0.000,0.000,0.0,0.0,2000.000,0.000,0.0000,0.898,0.000,0.000,
77,77,motorway,47,44,"LINESTRING (-112.0024600 33.6548970, -112.0057170 33.6687540)",1.565740,0.973114,0.898259,104.585000,44.585000,1900.000000,-100.000000,-1,,network_wide,-1,0,-1,-1,1.0,motorway,104.6,1900.0,1.0,1.0,1.0,1.0,1.0,1.0,0.0,0.0,0.0,0.0,0.0,0.0,0.0,0.0,0.0,0.0,0.0,0.0,1900.0,2000.0,2000.0,2000.0,2000.0,2000.0,0.0,0.0,0.0,0.0,0.0,0.0,0.0000,0.0000,0.0000,0.0000,0.0000,0.0000,0.9,0.9,0.9,0.9,0.9,0.9,0.0,0.0,0.0,0.0,0.0,0.0,0.0,0.0,0.0,0.0,0.0,0.0,0.0,0.0,1900.000,0.000,0.0000,0.898,0.000,0.000,0.0,0.0,2000.000,0.000,0.0000,0.898,0.000,0.000,0.0,0.0,2000.000,0.000,0.0000,0.898,0.000,0.000,0.0,0.0,2000.000,0.000,0.0000,0.898,0.000,0.000,0.0,0.0,2000.000,0.000,0.0000,0.898,0.000,0.000,0.0,0.0,2000.000,0.000,0.0000,0.898,0.000,0.000,
78,78,motorway,47,50,"LINESTRING (-112.0024810 33.6548950, -112.0018380 33.6391970)",1.741490,1.082343,0.999086,104.585000,44.585000,1900.000000,-100.000000,-1,,network_wide,-1,0,-1,-1,1.0,motorway,104.6,1900.0,1.0,1.0,1.0,1.0,1.0,1.0,0.0,0.0,0.0,0.0,0.0,0.0,0.0,0.0,0.0,0.0,0.0,0.0,1900.0,2000.0,2000.0,2000.0,2000.0,2000.0,0.0,0.0,0.0,0.0,0.0,0.0,0.0000,0.0000,0.0000,0.0000,0.0000,0.0000,1.0,1.0,1.0,1.0,1.0,1.0,0.0,0.0,0.0,0.0,0.0,0.0,0.0,0.0,0.0,0.0,0.0,0.0,0.0,0.0,1900.000,0.000,0.0000,0.999,0.000,0.000,0.0,0.0,2000.000,0.000,0.0000,0.999,0.000,0.000,0.0,0.0,2000.000,0.000,0.0000,0.999,0.000,0.000,0.0,0.0,2000.000,0.000,0.0000,0.999,0.000,0.000,0.0,0.0,2000.000,0.000,0.0000,0.999,0.000,0.000,0.0,0.0,2000.000,0.000,0.0000,0.999,0.000,0.000,
79,79,motorway,50,47,"LINESTRING (-112.0018150 33.6391970, -112.0024590 33.6548950)",1.741490,1.082343,0.999086,104.585000,44.585000,1900.000000,-100.000000,-1,,network_wide,-1,0,-1,-1,1.0,motorway,104.6,1900.0,1.0,1.0,1.0,1.0,1.0,1.0,0.0,0.0,0.0,0.0,0.0,0.0,0.0,0.0,0.0,0.0,0.0,0.0,1900.0,2000.0,2000.0,2000.0,2000.0,2000.0,0.0,0.0,0.0,0.0,0.0,0.0,0.0000,0.0000,0.0000,0.0000,0.0000,0.0000,1.0,1.0,1.0,1.0,1.0,1.0,0.0,0.0,0.0,0.0,0.0,0.0,0.0,0.0,0.0,0.0,0.0,0.0,0.0,0.0,1900.000,0.000,0.0000,0.999,0.000,0.000,0.0,0.0,2000.000,0.000,0.0000,0.999,0.000,0.000,0.0,0.0,2000.000,0.000,0.0000,0.999,0.000,0.000,0.0,0.0,2000.000,0.000,0.0000,0.999,0.000,0.000,0.0,0.0,2000.000,0.000,0.0000,0.999,0.000,0.000,0.0,0.0,2000.000,0.000,0.0000,0.999,0.000,0.000,
